Y,X,fid,OID_,UIDENTSTLAE,ULAND,UREGBEZ,UKREIS,UGEMEINDE,UJAHR,UMONAT,USTUNDE,UWOCHENTAG,UKATEGORIE,UART,UTYP1,ULICHTVERH,IstStrassenzustand,IstRad,IstPKW,IstFuss,IstKrad,IstGkfz,IstSonstige,LINREFX,LINREFY,XGCSWGS84,YGCSWGS84,PLST,OBJECTID,UIDENTSTLA,IstSonstig,LICHT,STRZUSTAND,OBJECTID_1,layer,path
6891557.73733717,1496871.97409534,1860,235988,"11230127110000087541",11,0,2,2,2023,1,9,6,3,5,2,0,1,true,true,false,false,false,false,801753.0928,5826263.9794,13.4466297270001,52.502821779,1,,,,,,,Unfälle2023 — unfallorte2023_linref,C:\Users\Tabea Simon\Desktop\Übungen\Übung 3\Unfalldaten\Daten\Unfälle2023.gpkg|layername=unfallorte2023_linref
6891217.91086689,1496485.82281178,2160,236288,"11230113110000037091",11,0,2,2,2023,1,17,6,3,0,5,2,1,false,false,false,true,false,true,801530.5481,5826042.9279,13.443160871,52.5009634850001,1,,,,,,,Unfälle2023 — unfallorte2023_linref,C:\Users\Tabea Simon\Desktop\Übungen\Übung 3\Unfalldaten\Daten\Unfälle2023.gpkg|layername=unfallorte2023_linref
6891550.046392,1496881.58274851,2394,236522,"11230104110000004941",11,0,2,2,2023,1,15,4,3,5,2,1,1,true,true,false,false,false,false,801759.2356,5826259.6663,13.446716043,52.5027797230001,1,,,,,,,Unfälle2023 — unfallorte2023_linref,C:\Users\Tabea Simon\Desktop\Übungen\Übung 3\Unfalldaten\Daten\Unfälle2023.gpkg|layername=unfallorte2023_linref
6891522.06144248,1496882.77119539,3616,238036,"11230217110000059891",11,0,2,2,2023,2,19,6,3,5,2,2,1,true,true,false,false,false,false,801761.0091,5826242.7025,13.446726719,52.5026266940001,1,,,,,,,Unfälle2023 — unfallorte2023_linref,C:\Users\Tabea Simon\Desktop\Übungen\Übung 3\Unfalldaten\Daten\Unfälle2023.gpkg|layername=unfallorte2023_linref
6891223.2564154,1496635.24629636,3627,238047,"11230217110000059921",11,0,2,2,2023,2,4,6,3,9,1,2,1,false,false,false,true,false,false,801621.3937,5826051.7906,13.4445031650001,52.500992717,1,,,,,,,Unfälle2023 — unfallorte2023_linref,C:\Users\Tabea Simon\Desktop\Übungen\Übung 3\Unfalldaten\Daten\Unfälle2023.gpkg|layername=unfallorte2023_linref
6891206.87068929,1496385.9181329,3695,238115,"11230223110000079911",11,0,2,2,2023,2,10,5,3,5,2,0,0,true,false,false,false,true,false,801470.0883,5826032.4654,13.442263412,52.5009031120001,1,,,,,,,Unfälle2023 — unfallorte2023_linref,C:\Users\Tabea Simon\Desktop\Übungen\Übung 3\Unfalldaten\Daten\Unfälle2023.gpkg|layername=unfallorte2023_linref
6891553.03619669,1496877.84720035,4229,238649,"11230517110000066581",11,0,2,2,2023,5,16,4,3,5,7,0,0,false,true,false,true,false,false,801756.8475,5826261.343,13.446682486,52.5027960720001,1,,,,,,,Unfälle2023 — unfallorte2023_linref,C:\Users\Tabea Simon\Desktop\Übungen\Übung 3\Unfalldaten\Daten\Unfälle2023.gpkg|layername=unfallorte2023_linref
6891239.60633302,1496350.8479292,5081,239501,"11230422110000082131",11,0,2,2,2023,4,3,7,2,2,6,2,0,false,true,false,false,false,true,801447.4932,5826051.045,13.441948371,52.501082126,1,,,,,,,Unfälle2023 — unfallorte2023_linref,C:\Users\Tabea Simon\Desktop\Übungen\Übung 3\Unfalldaten\Daten\Unfälle2023.gpkg|layername=unfallorte2023_linref
6891524.10596496,1496884.21133564,5377,239797,"11230414110000050311",11,0,2,2,2023,4,18,6,3,5,2,0,1,true,true,false,false,false,false,801761.8099,5826243.9992,13.446739656,52.5026378740001,1,,,,,,,Unfälle2023 — unfallorte2023_linref,C:\Users\Tabea Simon\Desktop\Übungen\Übung 3\Unfalldaten\Daten\Unfälle2023.gpkg|layername=unfallorte2023_linref
6891513.54431122,1496876.77174276,6082,240502,"11230614110000060281",11,0,2,2,2023,6,6,4,3,5,3,0,0,true,false,false,false,false,false,801757.6731,5826237.3004,13.4466728250001,52.5025801200001,1,,,,,,,Unfälle2023 — unfallorte2023_linref,C:\Users\Tabea Simon\Desktop\Übungen\Übung 3\Unfalldaten\Daten\Unfälle2023.gpkg|layername=unfallorte2023_linref
6891271.35846581,1496330.05712186,6342,240762,"11230607110000030631",11,0,2,2,2023,6,14,4,3,5,2,0,0,false,true,false,true,false,false,801433.6357,5826069.5631,13.441761604,52.501255761,1,,,,,,,Unfälle2023 — unfallorte2023_linref,C:\Users\Tabea Simon\Desktop\Übungen\Übung 3\Unfalldaten\Daten\Unfälle2023.gpkg|layername=unfallorte2023_linref
6891553.897167,1496876.77163144,7440,241860,"11230719110000076771",11,0,2,2,2023,7,14,4,3,2,2,0,0,false,true,false,true,false,false,801756.1599,5826261.8258,13.4466728240001,52.50280078,1,,,,,,,Unfälle2023 — unfallorte2023_linref,C:\Users\Tabea Simon\Desktop\Übungen\Übung 3\Unfalldaten\Daten\Unfälle2023.gpkg|layername=unfallorte2023_linref
6891340.65840888,1496745.65786539,7793,242213,"11230709110000081831",11,0,2,2,2023,7,3,1,2,6,4,2,0,false,false,true,false,false,true,801684.2677,5826127.2956,13.4454950090001,52.5016347220001,1,,,,,,,Unfälle2023 — unfallorte2023_linref,C:\Users\Tabea Simon\Desktop\Übungen\Übung 3\Unfalldaten\Daten\Unfälle2023.gpkg|layername=unfallorte2023_linref
6891271.06734078,1496327.55655214,8232,242652,"11230629110000114611",11,0,2,2,2023,6,11,5,3,5,2,0,0,true,false,false,false,true,false,801432.123,5826069.2922,13.441739141,52.501254169,1,,,,,,,Unfälle2023 — unfallorte2023_linref,C:\Users\Tabea Simon\Desktop\Übungen\Übung 3\Unfalldaten\Daten\Unfälle2023.gpkg|layername=unfallorte2023_linref
6891365.55497271,1496765.15625344,8461,242881,"11231005110000002131",11,0,2,2,2023,10,16,5,3,2,6,0,1,false,true,false,false,false,false,801695.2148,5826143.1602,13.4456701660001,52.5017708660001,1,,,,,,,Unfälle2023 — unfallorte2023_linref,C:\Users\Tabea Simon\Desktop\Übungen\Übung 3\Unfalldaten\Daten\Unfälle2023.gpkg|layername=unfallorte2023_linref
6891253.100997,1496660.78131775,9078,243498,"11230914110000092421",11,0,2,2,2023,9,16,5,3,3,6,0,0,true,false,false,false,false,false,801635.8339,5826070.8894,13.44473255,52.5011559210001,1,,,,,,,Unfälle2023 — unfallorte2023_linref,C:\Users\Tabea Simon\Desktop\Übungen\Übung 3\Unfalldaten\Daten\Unfälle2023.gpkg|layername=unfallorte2023_linref
6891206.87068929,1496385.9181329,10128,244548,"11231119110000074741",11,0,2,2,2023,11,5,1,2,5,2,2,1,true,true,false,false,false,false,801470.0883,5826032.4654,13.442263412,52.5009031120001,1,,,,,,,Unfälle2023 — unfallorte2023_linref,C:\Users\Tabea Simon\Desktop\Übungen\Übung 3\Unfalldaten\Daten\Unfälle2023.gpkg|layername=unfallorte2023_linref
6891239.28869347,1496351.20392893,10339,244759,"11231111110000044001",11,0,2,2,2023,11,0,7,3,2,6,2,0,false,true,false,false,false,false,801447.722,5826050.8653,13.441951569,52.501080389,1,,,,,,,Unfälle2023 — unfallorte2023_linref,C:\Users\Tabea Simon\Desktop\Übungen\Übung 3\Unfalldaten\Daten\Unfälle2023.gpkg|layername=unfallorte2023_linref
6891271.61118867,1496332.22607082,10736,245156,"11231027110000100321",11,0,2,2,2023,10,16,6,3,5,2,0,1,true,true,false,false,false,false,801434.9478,5826069.7981,13.441781088,52.501257143,1,,,,,,,Unfälle2023 — unfallorte2023_linref,C:\Users\Tabea Simon\Desktop\Übungen\Übung 3\Unfalldaten\Daten\Unfälle2023.gpkg|layername=unfallorte2023_linref
6891351.23336782,1496753.93981286,10796,245216,"11231026110000079131",11,0,2,2,2023,10,15,5,3,2,6,0,1,false,true,false,false,false,false,801688.9175,5826134.0341,13.4455694070001,52.50169255,1,,,,,,,Unfälle2023 — unfallorte2023_linref,C:\Users\Tabea Simon\Desktop\Übungen\Übung 3\Unfalldaten\Daten\Unfälle2023.gpkg|layername=unfallorte2023_linref
6891557.73733717,1496871.97409534,11371,246101,"11231225110000099811",11,0,2,2,2023,12,14,2,3,5,2,0,0,true,true,false,false,false,false,801753.0928,5826263.9794,13.4466297270001,52.502821779,1,,,,,,,Unfälle2023 — unfallorte2023_linref,C:\Users\Tabea Simon\Desktop\Übungen\Übung 3\Unfalldaten\Daten\Unfälle2023.gpkg|layername=unfallorte2023_linref
6891358.86816474,1496759.91922799,12073,246826,"11231125110000106241",11,0,2,2,2023,11,18,7,3,2,6,2,1,false,true,false,false,false,false,801692.2746,5826138.8992,13.445623121,52.5017343000001,1,,,,,,,Unfälle2023 — unfallorte2023_linref,C:\Users\Tabea Simon\Desktop\Übungen\Übung 3\Unfalldaten\Daten\Unfälle2023.gpkg|layername=unfallorte2023_linref
6891556.28623213,1496873.78704457,14305,233828,"11240202110000008480",11,0,2,2,2024,2,22,6,3,5,7,2,1,false,true,false,false,false,false,801754.2518,5826263.1656,13.4466460130001,52.5028138440001,1,,,,,,,Unfälle2024 — unfallorte2024_linref,C:\Users\Tabea Simon\Desktop\Übungen\Übung 3\Unfalldaten\Daten\Unfälle2024.gpkg|layername=unfallorte2024_linref
6891208.72860823,1496383.72903511,15027,234754,"11240404110000026940",11,0,2,2,2024,4,20,5,3,6,4,2,1,false,true,true,false,false,false,801468.6848,5826033.5125,13.4422437470001,52.500913272,1,,,,,,,Unfälle2024 — unfallorte2024_linref,C:\Users\Tabea Simon\Desktop\Übungen\Übung 3\Unfalldaten\Daten\Unfälle2024.gpkg|layername=unfallorte2024_linref
6891535.65460078,1496892.34611876,15727,235454,"11240305110000017000",11,0,2,2,2024,3,18,3,3,5,2,1,0,true,true,false,false,false,false,801766.3333,5826251.324,13.4468127320001,52.5027010250001,1,,,,,,,Unfälle2024 — unfallorte2024_linref,C:\Users\Tabea Simon\Desktop\Übungen\Übung 3\Unfalldaten\Daten\Unfälle2024.gpkg|layername=unfallorte2024_linref
6891265.22198401,1496686.57382114,15795,235522,"11240302110000046100",11,0,2,2,2024,3,18,7,3,0,7,1,1,false,false,false,true,false,false,801651.0952,5826079.2257,13.4449642480001,52.501222204,1,,,,,,,Unfälle2024 — unfallorte2024_linref,C:\Users\Tabea Simon\Desktop\Übungen\Übung 3\Unfalldaten\Daten\Unfälle2024.gpkg|layername=unfallorte2024_linref
6891230.32475306,1496430.23809572,16404,236131,"11240513110000049240",11,0,2,2,2024,5,8,2,3,9,1,0,0,false,true,false,false,false,false,801496.2144,5826048.3852,13.442661545,52.5010313700001,1,,,,,,,Unfälle2024 — unfallorte2024_linref,C:\Users\Tabea Simon\Desktop\Übungen\Übung 3\Unfalldaten\Daten\Unfälle2024.gpkg|layername=unfallorte2024_linref
6891240.42027303,1496349.93577729,16796,236523,"11240430110000113960",11,0,2,2,2024,4,20,3,3,3,6,1,0,false,false,false,true,false,true,801446.9069,5826051.5055,13.441940177,52.5010865770001,1,,,,,,,Unfälle2024 — unfallorte2024_linref,C:\Users\Tabea Simon\Desktop\Übungen\Übung 3\Unfalldaten\Daten\Unfälle2024.gpkg|layername=unfallorte2024_linref
6891525.2013757,1496884.98300235,17670,237397,"11240705110000024170",11,0,2,2,2024,7,21,6,3,5,2,1,0,true,true,false,false,false,false,801762.239,5826244.694,13.4467465880001,52.502643864,1,,,,,,,Unfälle2024 — unfallorte2024_linref,C:\Users\Tabea Simon\Desktop\Übungen\Übung 3\Unfalldaten\Daten\Unfälle2024.gpkg|layername=unfallorte2024_linref
6891237.16670793,1496497.30808893,17738,237465,"11240703110000017150",11,0,2,2,2024,7,17,4,3,2,6,0,0,false,true,false,false,false,false,801536.8247,5826055.063,13.443264045,52.501068785,1,,,,,,,Unfälle2024 — unfallorte2024_linref,C:\Users\Tabea Simon\Desktop\Übungen\Übung 3\Unfalldaten\Daten\Unfälle2024.gpkg|layername=unfallorte2024_linref
6891556.9272054,1496872.98632347,17814,237541,"11240701110000004300",11,0,2,2,2024,7,12,2,3,2,2,0,1,true,true,false,false,false,false,801753.7399,5826263.5251,13.44663882,52.5028173490001,1,,,,,,,Unfälle2024 — unfallorte2024_linref,C:\Users\Tabea Simon\Desktop\Übungen\Übung 3\Unfalldaten\Daten\Unfälle2024.gpkg|layername=unfallorte2024_linref
6891234.102594,1496653.72254884,18595,238322,"11240609110000040870",11,0,2,2,2024,6,16,1,3,2,1,0,0,false,true,false,true,false,false,801632.245,5826059.0771,13.44466914,52.501052029,1,,,,,,,Unfälle2024 — unfallorte2024_linref,C:\Users\Tabea Simon\Desktop\Übungen\Übung 3\Unfalldaten\Daten\Unfälle2024.gpkg|layername=unfallorte2024_linref
6891522.23407476,1496882.89275628,18601,238328,"11240609110000040650",11,0,2,2,2024,6,14,1,3,5,2,0,0,true,true,false,false,false,false,801761.0767,5826242.812,13.4467278110001,52.502627638,1,,,,,,,Unfälle2024 — unfallorte2024_linref,C:\Users\Tabea Simon\Desktop\Übungen\Übung 3\Unfalldaten\Daten\Unfälle2024.gpkg|layername=unfallorte2024_linref
6891525.34273673,1496885.08241066,18769,238496,"11240604110000020110",11,0,2,2,2024,6,19,3,3,0,7,0,0,true,false,false,false,false,false,801762.2943,5826244.7836,13.446747481,52.5026446370001,1,,,,,,,Unfälle2024 — unfallorte2024_linref,C:\Users\Tabea Simon\Desktop\Übungen\Übung 3\Unfalldaten\Daten\Unfälle2024.gpkg|layername=unfallorte2024_linref
6891541.71356771,1496859.83971425,19124,238851,"11240527110000106770",11,0,2,2,2024,5,17,2,3,2,2,0,0,true,true,false,false,false,false,801746.3003,5826253.7845,13.4465207220001,52.5027341570001,1,,,,,,,Unfälle2024 — unfallorte2024_linref,C:\Users\Tabea Simon\Desktop\Übungen\Übung 3\Unfalldaten\Daten\Unfälle2024.gpkg|layername=unfallorte2024_linref
6891212.32503582,1496379.49199265,19273,239000,"11240523110000092060",11,0,2,2,2024,5,22,5,3,3,6,2,0,true,true,false,false,false,false,801465.9684,5826035.5392,13.442205685,52.5009329390001,1,,,,,,,Unfälle2024 — unfallorte2024_linref,C:\Users\Tabea Simon\Desktop\Übungen\Übung 3\Unfalldaten\Daten\Unfälle2024.gpkg|layername=unfallorte2024_linref
6891375.53015126,1496772.96843266,19460,239187,"11240815110000053090",11,0,2,2,2024,8,12,5,3,3,6,0,0,true,false,false,false,false,false,801699.6008,5826149.5165,13.4457403440001,52.5018254140001,1,,,,,,,Unfälle2024 — unfallorte2024_linref,C:\Users\Tabea Simon\Desktop\Übungen\Übung 3\Unfalldaten\Daten\Unfälle2024.gpkg|layername=unfallorte2024_linref
6891523.0123831,1496883.44089345,20236,239963,"11240717110000087280",11,0,2,2,2024,7,15,4,3,5,2,0,0,true,false,false,true,false,false,801761.3815,5826243.3056,13.4467327350001,52.502631894,1,,,,,,,Unfälle2024 — unfallorte2024_linref,C:\Users\Tabea Simon\Desktop\Übungen\Übung 3\Unfalldaten\Daten\Unfälle2024.gpkg|layername=unfallorte2024_linref
6891332.43662016,1496739.21881208,20673,240400,"11240924110000080830",11,0,2,2,2024,9,17,3,3,0,7,0,1,false,false,false,true,false,false,801680.6526,5826122.0565,13.445437166,52.501589762,1,,,,,,,Unfälle2024 — unfallorte2024_linref,C:\Users\Tabea Simon\Desktop\Übungen\Übung 3\Unfalldaten\Daten\Unfälle2024.gpkg|layername=unfallorte2024_linref
6891467.00125777,1496843.98781876,21470,241197,"11240902110000001500",11,0,2,2,2024,9,15,2,3,3,6,0,0,false,true,false,true,false,false,801739.4433,5826207.7803,13.446378322,52.5023256090001,1,,,,,,,Unfälle2024 — unfallorte2024_linref,C:\Users\Tabea Simon\Desktop\Übungen\Übung 3\Unfalldaten\Daten\Unfälle2024.gpkg|layername=unfallorte2024_linref
6891541.41182622,1496860.47635042,21827,241554,"11240823110000071860",11,0,2,2,2024,8,9,6,3,5,2,0,0,false,false,false,false,true,true,801746.6995,5826253.625,13.4465264410001,52.5027325070001,1,,,,,,,Unfälle2024 — unfallorte2024_linref,C:\Users\Tabea Simon\Desktop\Übungen\Übung 3\Unfalldaten\Daten\Unfälle2024.gpkg|layername=unfallorte2024_linref
6891216.54577032,1496364.36144746,22355,242082,"11241118110000044970",11,0,2,2,2024,11,6,2,3,5,3,1,0,false,true,false,false,false,false,801456.591,5826037.5364,13.442069765,52.50095602,1,,,,,,,Unfälle2024 — unfallorte2024_linref,C:\Users\Tabea Simon\Desktop\Übungen\Übung 3\Unfalldaten\Daten\Unfälle2024.gpkg|layername=unfallorte2024_linref
6891271.06734078,1496327.55655214,22545,242272,"11241109110000022420",11,0,2,2,2024,11,1,7,3,5,2,2,0,true,true,false,false,false,false,801432.123,5826069.2922,13.441739141,52.501254169,1,,,,,,,Unfälle2024 — unfallorte2024_linref,C:\Users\Tabea Simon\Desktop\Übungen\Übung 3\Unfalldaten\Daten\Unfälle2024.gpkg|layername=unfallorte2024_linref
6891539.78315387,1496877.16481188,23616,243343,"11241005110000008300",11,0,2,2,2024,10,16,7,3,5,2,0,0,false,true,false,false,false,false,801756.9287,5826253.2625,13.4466763560001,52.5027236010001,1,,,,,,,Unfälle2024 — unfallorte2024_linref,C:\Users\Tabea Simon\Desktop\Übungen\Übung 3\Unfalldaten\Daten\Unfälle2024.gpkg|layername=unfallorte2024_linref
6891226.6575481,1496386.23817643,23630,243357,"11241005110000004930",11,0,2,2,2024,10,15,7,3,5,2,0,0,true,true,false,false,false,false,801469.542,5826044.5038,13.4422662870001,52.5010113160001,1,,,,,,,Unfälle2024 — unfallorte2024_linref,C:\Users\Tabea Simon\Desktop\Übungen\Übung 3\Unfalldaten\Daten\Unfälle2024.gpkg|layername=unfallorte2024_linref
6891212.0874927,1496656.8018686,23960,244010,"11241228110000096470",11,0,2,2,2024,12,23,7,3,1,5,2,1,true,true,false,false,false,false,801634.9464,5826045.8121,13.4446968020001,52.50093164,1,,,,,,,Unfälle2024 — unfallorte2024_linref,C:\Users\Tabea Simon\Desktop\Übungen\Übung 3\Unfalldaten\Daten\Unfälle2024.gpkg|layername=unfallorte2024_linref
6891540.12476174,1496863.189763,24561,244626,"11241204110000016600",11,0,2,2,2024,12,23,4,3,6,2,2,1,false,true,true,false,false,false,801748.401,5826252.9448,13.4465508160001,52.502725469,1,,,,,,,Unfälle2024 — unfallorte2024_linref,C:\Users\Tabea Simon\Desktop\Übungen\Übung 3\Unfalldaten\Daten\Unfälle2024.gpkg|layername=unfallorte2024_linref
6891552.31969682,1496837.47796625,28952,211819,"11210327110000103590",11,0,2,2,2021,3,12,7,3,2,6,0,1,false,true,false,false,false,false,801732.277852357,5826259.38996821,13.446319843,52.5027921540001,,,,,,,,Unfallorte_2021_LinRef,"file:///C:/Users/Tabea%20Simon/Downloads/Unfallorte2021_EPSG25832_CSV/Unfallorte2021_EPSG25832_CSV/Unfallorte_2021_LinRef.txt?type=csv&delimiter=;&maxFields=10000&detectTypes=yes&decimalPoint=,&xField=XGCSWGS84&yField=YGCSWGS84&crs=EPSG:4326&spatialIndex=no&subsetIndex=no&watchFile=no"
6891521.75403266,1496882.55467898,29367,212234,"11210712110000032441",11,0,2,2,2021,7,1,2,3,5,2,2,1,true,true,false,false,false,false,801760.888718074,5826242.50750675,13.4467247740001,52.5026250130001,,,,,,,,Unfallorte_2021_LinRef,"file:///C:/Users/Tabea%20Simon/Downloads/Unfallorte2021_EPSG25832_CSV/Unfallorte2021_EPSG25832_CSV/Unfallorte_2021_LinRef.txt?type=csv&delimiter=;&maxFields=10000&detectTypes=yes&decimalPoint=,&xField=XGCSWGS84&yField=YGCSWGS84&crs=EPSG:4326&spatialIndex=no&subsetIndex=no&watchFile=no"
6891210.29887924,1496359.31778398,29373,212240,"11210702110000007991",11,0,2,2,2021,7,16,6,2,6,4,0,0,true,false,true,false,false,false,801453.751868716,5826033.55008474,13.4420244570001,52.5009218590001,,,,,,,,Unfallorte_2021_LinRef,"file:///C:/Users/Tabea%20Simon/Downloads/Unfallorte2021_EPSG25832_CSV/Unfallorte2021_EPSG25832_CSV/Unfallorte_2021_LinRef.txt?type=csv&delimiter=;&maxFields=10000&detectTypes=yes&decimalPoint=,&xField=XGCSWGS84&yField=YGCSWGS84&crs=EPSG:4326&spatialIndex=no&subsetIndex=no&watchFile=no"
6891384.52899889,1496780.01562435,30122,212989,"11210701110000001341",11,0,2,2,2021,7,19,5,2,3,6,1,1,true,false,false,false,false,false,801703.557312732,5826155.25074641,13.4458036500001,52.501874623,,,,,,,,Unfallorte_2021_LinRef,"file:///C:/Users/Tabea%20Simon/Downloads/Unfallorte2021_EPSG25832_CSV/Unfallorte2021_EPSG25832_CSV/Unfallorte_2021_LinRef.txt?type=csv&delimiter=;&maxFields=10000&detectTypes=yes&decimalPoint=,&xField=XGCSWGS84&yField=YGCSWGS84&crs=EPSG:4326&spatialIndex=no&subsetIndex=no&watchFile=no"
6891368.46753777,1496767.43663321,30437,213304,"11210710110000028041",11,0,2,2,2021,7,22,7,3,6,4,2,0,false,false,true,true,false,false,801696.495078484,5826145.01611023,13.4456906510001,52.5017867930001,,,,,,,,Unfallorte_2021_LinRef,"file:///C:/Users/Tabea%20Simon/Downloads/Unfallorte2021_EPSG25832_CSV/Unfallorte2021_EPSG25832_CSV/Unfallorte_2021_LinRef.txt?type=csv&delimiter=;&maxFields=10000&detectTypes=yes&decimalPoint=,&xField=XGCSWGS84&yField=YGCSWGS84&crs=EPSG:4326&spatialIndex=no&subsetIndex=no&watchFile=no"
6891205.37356536,1496387.68199023,30756,213623,"11210621110000073411",11,0,2,2,2021,6,20,2,3,5,2,0,0,true,true,false,false,false,false,801471.21911504,5826031.62170848,13.4422792570001,52.5008949250001,,,,,,,,Unfallorte_2021_LinRef,"file:///C:/Users/Tabea%20Simon/Downloads/Unfallorte2021_EPSG25832_CSV/Unfallorte2021_EPSG25832_CSV/Unfallorte_2021_LinRef.txt?type=csv&delimiter=;&maxFields=10000&detectTypes=yes&decimalPoint=,&xField=XGCSWGS84&yField=YGCSWGS84&crs=EPSG:4326&spatialIndex=no&subsetIndex=no&watchFile=no"
6891533.08358271,1496890.53495064,31095,213962,"11210723110000065441",11,0,2,2,2021,7,20,6,3,5,2,1,0,true,true,false,false,false,false,801765.326202965,5826249.69326773,13.4467964620001,52.5026869660001,,,,,,,,Unfallorte_2021_LinRef,"file:///C:/Users/Tabea%20Simon/Downloads/Unfallorte2021_EPSG25832_CSV/Unfallorte2021_EPSG25832_CSV/Unfallorte_2021_LinRef.txt?type=csv&delimiter=;&maxFields=10000&detectTypes=yes&decimalPoint=,&xField=XGCSWGS84&yField=YGCSWGS84&crs=EPSG:4326&spatialIndex=no&subsetIndex=no&watchFile=no"
6891227.00645733,1496388.21187101,31110,213977,"11210806110000013431",11,0,2,2,2021,8,15,6,3,5,2,0,0,true,true,false,false,false,false,801470.731558071,5826044.79007865,13.4422840170001,52.5010132240001,,,,,,,,Unfallorte_2021_LinRef,"file:///C:/Users/Tabea%20Simon/Downloads/Unfallorte2021_EPSG25832_CSV/Unfallorte2021_EPSG25832_CSV/Unfallorte_2021_LinRef.txt?type=csv&delimiter=;&maxFields=10000&detectTypes=yes&decimalPoint=,&xField=XGCSWGS84&yField=YGCSWGS84&crs=EPSG:4326&spatialIndex=no&subsetIndex=no&watchFile=no"
6891231.62530007,1496359.79089181,31137,214004,"11210810110000028951",11,0,2,2,2021,8,19,3,3,3,6,0,0,false,true,false,true,false,false,801453.241194033,5826046.53003024,13.4420287070001,52.5010384820001,,,,,,,,Unfallorte_2021_LinRef,"file:///C:/Users/Tabea%20Simon/Downloads/Unfallorte2021_EPSG25832_CSV/Unfallorte2021_EPSG25832_CSV/Unfallorte_2021_LinRef.txt?type=csv&delimiter=;&maxFields=10000&detectTypes=yes&decimalPoint=,&xField=XGCSWGS84&yField=YGCSWGS84&crs=EPSG:4326&spatialIndex=no&subsetIndex=no&watchFile=no"
6891449.00357081,1496830.51125856,31677,214544,"11210714110000037141",11,0,2,2,2021,7,10,4,3,3,6,0,0,true,false,false,false,false,false,801731.906938417,5826196.33520987,13.44625726,52.5022271920001,,,,,,,,Unfallorte_2021_LinRef,"file:///C:/Users/Tabea%20Simon/Downloads/Unfallorte2021_EPSG25832_CSV/Unfallorte2021_EPSG25832_CSV/Unfallorte_2021_LinRef.txt?type=csv&delimiter=;&maxFields=10000&detectTypes=yes&decimalPoint=,&xField=XGCSWGS84&yField=YGCSWGS84&crs=EPSG:4326&spatialIndex=no&subsetIndex=no&watchFile=no"
6891242.36524432,1496667.49276986,32007,214874,"11210902110000004761",11,0,2,2,2021,9,22,5,3,5,7,2,0,true,true,false,false,false,false,801640.325667644,5826064.61646735,13.44479284,52.501097213,,,,,,,,Unfallorte_2021_LinRef,"file:///C:/Users/Tabea%20Simon/Downloads/Unfallorte2021_EPSG25832_CSV/Unfallorte2021_EPSG25832_CSV/Unfallorte_2021_LinRef.txt?type=csv&delimiter=;&maxFields=10000&detectTypes=yes&decimalPoint=,&xField=XGCSWGS84&yField=YGCSWGS84&crs=EPSG:4326&spatialIndex=no&subsetIndex=no&watchFile=no"
6891270.40536055,1496357.77723354,32182,215049,"11210907110000021611",11,0,2,2,2021,9,19,3,3,2,7,2,0,false,true,false,true,false,false,801450.56159021,5826070.02473056,13.442010618,52.5012505490001,,,,,,,,Unfallorte_2021_LinRef,"file:///C:/Users/Tabea%20Simon/Downloads/Unfallorte2021_EPSG25832_CSV/Unfallorte2021_EPSG25832_CSV/Unfallorte_2021_LinRef.txt?type=csv&delimiter=;&maxFields=10000&detectTypes=yes&decimalPoint=,&xField=XGCSWGS84&yField=YGCSWGS84&crs=EPSG:4326&spatialIndex=no&subsetIndex=no&watchFile=no"
6891351.2335507,1496753.93936758,32223,215090,"11210929110000114251",11,0,2,2,2021,9,9,4,3,3,6,0,0,false,true,false,true,false,false,801688.917267654,5826134.03429708,13.445569403,52.5016925510001,,,,,,,,Unfallorte_2021_LinRef,"file:///C:/Users/Tabea%20Simon/Downloads/Unfallorte2021_EPSG25832_CSV/Unfallorte2021_EPSG25832_CSV/Unfallorte_2021_LinRef.txt?type=csv&delimiter=;&maxFields=10000&detectTypes=yes&decimalPoint=,&xField=XGCSWGS84&yField=YGCSWGS84&crs=EPSG:4326&spatialIndex=no&subsetIndex=no&watchFile=no"
6891540.05911011,1496865.87289669,32528,215395,"11210916110000122121",11,0,2,2,2021,9,16,5,3,5,2,0,0,true,true,false,false,false,false,801750.038308824,5826253.0057734,13.4465749190001,52.50272511,,,,,,,,Unfallorte_2021_LinRef,"file:///C:/Users/Tabea%20Simon/Downloads/Unfallorte2021_EPSG25832_CSV/Unfallorte2021_EPSG25832_CSV/Unfallorte_2021_LinRef.txt?type=csv&delimiter=;&maxFields=10000&detectTypes=yes&decimalPoint=,&xField=XGCSWGS84&yField=YGCSWGS84&crs=EPSG:4326&spatialIndex=no&subsetIndex=no&watchFile=no"
6891335.85462299,1496741.89493264,32571,215438,"11210822110000075831",11,0,2,2,2021,8,12,1,3,3,6,0,0,true,false,false,false,false,false,801682.155053845,5826124.23445248,13.4454612060001,52.5016084530001,,,,,,,,Unfallorte_2021_LinRef,"file:///C:/Users/Tabea%20Simon/Downloads/Unfallorte2021_EPSG25832_CSV/Unfallorte2021_EPSG25832_CSV/Unfallorte_2021_LinRef.txt?type=csv&delimiter=;&maxFields=10000&detectTypes=yes&decimalPoint=,&xField=XGCSWGS84&yField=YGCSWGS84&crs=EPSG:4326&spatialIndex=no&subsetIndex=no&watchFile=no"
6891248.86360241,1496340.47462245,33220,216087,"11210913110000047071",11,0,2,2,2021,9,21,2,3,0,1,2,0,false,false,false,true,false,false,801440.825803651,5826056.28205447,13.4418551860001,52.5011327490001,,,,,,,,Unfallorte_2021_LinRef,"file:///C:/Users/Tabea%20Simon/Downloads/Unfallorte2021_EPSG25832_CSV/Unfallorte2021_EPSG25832_CSV/Unfallorte_2021_LinRef.txt?type=csv&delimiter=;&maxFields=10000&detectTypes=yes&decimalPoint=,&xField=XGCSWGS84&yField=YGCSWGS84&crs=EPSG:4326&spatialIndex=no&subsetIndex=no&watchFile=no"
6891379.05131105,1496775.72559381,33421,216288,"11210915110000053751",11,0,2,2,2021,9,18,4,3,0,1,0,1,false,true,false,true,false,false,801701.148756457,5826151.76025087,13.4457651120001,52.501844669,,,,,,,,Unfallorte_2021_LinRef,"file:///C:/Users/Tabea%20Simon/Downloads/Unfallorte2021_EPSG25832_CSV/Unfallorte2021_EPSG25832_CSV/Unfallorte_2021_LinRef.txt?type=csv&delimiter=;&maxFields=10000&detectTypes=yes&decimalPoint=,&xField=XGCSWGS84&yField=YGCSWGS84&crs=EPSG:4326&spatialIndex=no&subsetIndex=no&watchFile=no"
6891342.52989106,1496747.12282989,33443,216310,"11210820110000121221",11,0,2,2,2021,8,14,6,2,3,6,0,0,true,false,false,false,false,false,801685.090170026,5826128.4880421,13.445508169,52.5016449560001,,,,,,,,Unfallorte_2021_LinRef,"file:///C:/Users/Tabea%20Simon/Downloads/Unfallorte2021_EPSG25832_CSV/Unfallorte2021_EPSG25832_CSV/Unfallorte_2021_LinRef.txt?type=csv&delimiter=;&maxFields=10000&detectTypes=yes&decimalPoint=,&xField=XGCSWGS84&yField=YGCSWGS84&crs=EPSG:4326&spatialIndex=no&subsetIndex=no&watchFile=no"
6891540.12476174,1496863.189763,33469,216336,"11210921110000079601",11,0,2,2,2021,9,16,3,3,5,2,0,0,true,true,false,false,false,false,801748.400995445,5826252.94477231,13.4465508160001,52.502725469,,,,,,,,Unfallorte_2021_LinRef,"file:///C:/Users/Tabea%20Simon/Downloads/Unfallorte2021_EPSG25832_CSV/Unfallorte2021_EPSG25832_CSV/Unfallorte_2021_LinRef.txt?type=csv&delimiter=;&maxFields=10000&detectTypes=yes&decimalPoint=,&xField=XGCSWGS84&yField=YGCSWGS84&crs=EPSG:4326&spatialIndex=no&subsetIndex=no&watchFile=no"
6891540.02125528,1496867.42391115,34177,217044,"11211013110000027681",11,0,2,2,2021,10,17,4,3,2,6,0,0,false,true,false,false,false,false,801750.984714985,5826253.04103349,13.446588852,52.5027249030001,,,,,,,,Unfallorte_2021_LinRef,"file:///C:/Users/Tabea%20Simon/Downloads/Unfallorte2021_EPSG25832_CSV/Unfallorte2021_EPSG25832_CSV/Unfallorte_2021_LinRef.txt?type=csv&delimiter=;&maxFields=10000&detectTypes=yes&decimalPoint=,&xField=XGCSWGS84&yField=YGCSWGS84&crs=EPSG:4326&spatialIndex=no&subsetIndex=no&watchFile=no"
6891273.07614027,1496344.80428272,34951,217818,"11211109110000034941",11,0,2,2,2021,11,7,3,3,5,3,0,1,true,true,false,false,false,false,801442.556995529,5826071.16077338,13.4418940800001,52.5012651540001,,,,,,,,Unfallorte_2021_LinRef,"file:///C:/Users/Tabea%20Simon/Downloads/Unfallorte2021_EPSG25832_CSV/Unfallorte2021_EPSG25832_CSV/Unfallorte_2021_LinRef.txt?type=csv&delimiter=;&maxFields=10000&detectTypes=yes&decimalPoint=,&xField=XGCSWGS84&yField=YGCSWGS84&crs=EPSG:4326&spatialIndex=no&subsetIndex=no&watchFile=no"
6891527.91667828,1496886.89524857,39393,,,11,0,2,2,2018,3,16,1,3,6,2,0,,false,true,true,false,false,,801763.3023,5826246.4161,13.4467637660001,52.502658712,,,,false,,0,198309,Unfallorte2018_LinRef,"file:///C:/Users/Tabea%20Simon/Downloads/Unfallorte2018_EPSG25832_CSV/csv/Unfallorte2018_LinRef.txt?type=csv&delimiter=;&maxFields=10000&detectTypes=yes&decimalPoint=,&xField=XGCSWGS84&yField=YGCSWGS84&crs=EPSG:4326&spatialIndex=no&subsetIndex=no&watchFile=no"
6891401.12154783,1496793.0105051,40837,,,11,0,2,2,2018,4,12,6,3,0,7,0,,true,false,false,false,false,,801710.853,5826165.8239,13.445920385,52.5019653570001,,,,false,,0,199753,Unfallorte2018_LinRef,"file:///C:/Users/Tabea%20Simon/Downloads/Unfallorte2018_EPSG25832_CSV/csv/Unfallorte2018_LinRef.txt?type=csv&delimiter=;&maxFields=10000&detectTypes=yes&decimalPoint=,&xField=XGCSWGS84&yField=YGCSWGS84&crs=EPSG:4326&spatialIndex=no&subsetIndex=no&watchFile=no"
6891518.55795874,1496880.30301964,41266,,,11,0,2,2,2018,4,20,2,2,5,2,1,,true,true,false,false,false,,801759.6367,5826240.4804,13.446704547,52.502607536,,,,false,,0,200182,Unfallorte2018_LinRef,"file:///C:/Users/Tabea%20Simon/Downloads/Unfallorte2018_EPSG25832_CSV/csv/Unfallorte2018_LinRef.txt?type=csv&delimiter=;&maxFields=10000&detectTypes=yes&decimalPoint=,&xField=XGCSWGS84&yField=YGCSWGS84&crs=EPSG:4326&spatialIndex=no&subsetIndex=no&watchFile=no"
6891227.25076693,1496638.67426876,41817,,,11,0,2,2,2018,5,15,4,3,5,2,0,,true,true,false,false,false,,801623.3327,5826054.3471,13.4445339590001,52.50101456,,,,false,,0,200733,Unfallorte2018_LinRef,"file:///C:/Users/Tabea%20Simon/Downloads/Unfallorte2018_EPSG25832_CSV/csv/Unfallorte2018_LinRef.txt?type=csv&delimiter=;&maxFields=10000&detectTypes=yes&decimalPoint=,&xField=XGCSWGS84&yField=YGCSWGS84&crs=EPSG:4326&spatialIndex=no&subsetIndex=no&watchFile=no"
6891534.16692503,1496891.29782311,42025,,,11,0,2,2,2018,5,23,1,3,5,2,2,,true,true,false,false,false,,801765.7504,5826250.3804,13.4468033150001,52.50269289,,,,false,,0,200941,Unfallorte2018_LinRef,"file:///C:/Users/Tabea%20Simon/Downloads/Unfallorte2018_EPSG25832_CSV/csv/Unfallorte2018_LinRef.txt?type=csv&delimiter=;&maxFields=10000&detectTypes=yes&decimalPoint=,&xField=XGCSWGS84&yField=YGCSWGS84&crs=EPSG:4326&spatialIndex=no&subsetIndex=no&watchFile=no"
6891555.08182429,1496875.29230672,42178,,,11,0,2,2,2018,5,6,2,2,5,3,0,,true,true,false,false,false,,801755.2141,5826262.4902,13.446659535,52.5028072580001,,,,false,,0,201094,Unfallorte2018_LinRef,"file:///C:/Users/Tabea%20Simon/Downloads/Unfallorte2018_EPSG25832_CSV/csv/Unfallorte2018_LinRef.txt?type=csv&delimiter=;&maxFields=10000&detectTypes=yes&decimalPoint=,&xField=XGCSWGS84&yField=YGCSWGS84&crs=EPSG:4326&spatialIndex=no&subsetIndex=no&watchFile=no"
6891542.9454046,1496857.24374372,42269,,,11,0,2,2,2018,5,0,4,2,0,1,1,,true,false,false,false,false,,801744.6724,5826254.4355,13.446497402,52.5027408930001,,,,false,,0,201185,Unfallorte2018_LinRef,"file:///C:/Users/Tabea%20Simon/Downloads/Unfallorte2018_EPSG25832_CSV/csv/Unfallorte2018_LinRef.txt?type=csv&delimiter=;&maxFields=10000&detectTypes=yes&decimalPoint=,&xField=XGCSWGS84&yField=YGCSWGS84&crs=EPSG:4326&spatialIndex=no&subsetIndex=no&watchFile=no"
6891206.71159586,1496356.42136214,42530,,,11,0,2,2,2018,6,7,4,3,2,6,0,,true,true,false,false,false,,801452.1214,5826031.261,13.441998438,52.5009022420001,,,,false,,0,201446,Unfallorte2018_LinRef,"file:///C:/Users/Tabea%20Simon/Downloads/Unfallorte2018_EPSG25832_CSV/csv/Unfallorte2018_LinRef.txt?type=csv&delimiter=;&maxFields=10000&detectTypes=yes&decimalPoint=,&xField=XGCSWGS84&yField=YGCSWGS84&crs=EPSG:4326&spatialIndex=no&subsetIndex=no&watchFile=no"
6891556.77340839,1496873.17901751,42546,,,11,0,2,2,2018,6,6,4,3,5,2,0,,true,true,false,false,false,,801753.8631,5826263.4388,13.446640551,52.5028165080001,,,,false,,0,201462,Unfallorte2018_LinRef,"file:///C:/Users/Tabea%20Simon/Downloads/Unfallorte2018_EPSG25832_CSV/csv/Unfallorte2018_LinRef.txt?type=csv&delimiter=;&maxFields=10000&detectTypes=yes&decimalPoint=,&xField=XGCSWGS84&yField=YGCSWGS84&crs=EPSG:4326&spatialIndex=no&subsetIndex=no&watchFile=no"
6891558.84921115,1496870.58538469,42560,,,11,0,2,2,2018,6,6,7,3,6,4,0,,false,true,true,false,false,,801752.205,5826264.603,13.4466172520001,52.502827859,,,,false,,0,201476,Unfallorte2018_LinRef,"file:///C:/Users/Tabea%20Simon/Downloads/Unfallorte2018_EPSG25832_CSV/csv/Unfallorte2018_LinRef.txt?type=csv&delimiter=;&maxFields=10000&detectTypes=yes&decimalPoint=,&xField=XGCSWGS84&yField=YGCSWGS84&crs=EPSG:4326&spatialIndex=no&subsetIndex=no&watchFile=no"
6891256.00273216,1496430.48789666,43787,,,11,0,2,2,2018,7,19,6,3,1,5,0,,true,true,false,false,false,,801495.4046,5826064.0016,13.4426637890001,52.5011717890001,,,,true,,0,202703,Unfallorte2018_LinRef,"file:///C:/Users/Tabea%20Simon/Downloads/Unfallorte2018_EPSG25832_CSV/csv/Unfallorte2018_LinRef.txt?type=csv&delimiter=;&maxFields=10000&detectTypes=yes&decimalPoint=,&xField=XGCSWGS84&yField=YGCSWGS84&crs=EPSG:4326&spatialIndex=no&subsetIndex=no&watchFile=no"
6891207.70949575,1496384.93039505,43853,,,11,0,2,2,2018,7,22,5,3,5,2,2,,true,true,false,false,false,,801469.455,5826032.9381,13.442254539,52.500907699,,,,false,,0,202769,Unfallorte2018_LinRef,"file:///C:/Users/Tabea%20Simon/Downloads/Unfallorte2018_EPSG25832_CSV/csv/Unfallorte2018_LinRef.txt?type=csv&delimiter=;&maxFields=10000&detectTypes=yes&decimalPoint=,&xField=XGCSWGS84&yField=YGCSWGS84&crs=EPSG:4326&spatialIndex=no&subsetIndex=no&watchFile=no"
6891266.25792758,1496320.98391545,44781,,,11,0,2,2,2018,8,5,7,2,5,2,0,,true,true,false,false,false,,801428.2984,5826066.1223,13.4416800980001,52.501227869,,,,false,,0,203697,Unfallorte2018_LinRef,"file:///C:/Users/Tabea%20Simon/Downloads/Unfallorte2018_EPSG25832_CSV/csv/Unfallorte2018_LinRef.txt?type=csv&delimiter=;&maxFields=10000&detectTypes=yes&decimalPoint=,&xField=XGCSWGS84&yField=YGCSWGS84&crs=EPSG:4326&spatialIndex=no&subsetIndex=no&watchFile=no"
6891519.33498661,1496880.85048889,45579,,,11,0,2,2,2018,9,10,2,3,5,2,0,,true,false,false,false,true,,801759.9411,5826240.9732,13.446709465,52.5026117850001,,,,false,,0,204495,Unfallorte2018_LinRef,"file:///C:/Users/Tabea%20Simon/Downloads/Unfallorte2018_EPSG25832_CSV/csv/Unfallorte2018_LinRef.txt?type=csv&delimiter=;&maxFields=10000&detectTypes=yes&decimalPoint=,&xField=XGCSWGS84&yField=YGCSWGS84&crs=EPSG:4326&spatialIndex=no&subsetIndex=no&watchFile=no"
6891225.09989169,1496635.28837513,45849,,,11,0,2,2,2018,8,9,5,3,5,2,0,,true,true,false,false,false,,801621.3502,5826052.9126,13.4445035430001,52.5010027980001,,,,false,,1,204765,Unfallorte2018_LinRef,"file:///C:/Users/Tabea%20Simon/Downloads/Unfallorte2018_EPSG25832_CSV/csv/Unfallorte2018_LinRef.txt?type=csv&delimiter=;&maxFields=10000&detectTypes=yes&decimalPoint=,&xField=XGCSWGS84&yField=YGCSWGS84&crs=EPSG:4326&spatialIndex=no&subsetIndex=no&watchFile=no"
6891206.90086219,1496385.88306726,45892,,,11,0,2,2,2018,9,18,2,3,5,2,0,,true,true,false,false,false,,801470.0658,5826032.4824,13.442263097,52.5009032770001,,,,false,,0,204808,Unfallorte2018_LinRef,"file:///C:/Users/Tabea%20Simon/Downloads/Unfallorte2018_EPSG25832_CSV/csv/Unfallorte2018_LinRef.txt?type=csv&delimiter=;&maxFields=10000&detectTypes=yes&decimalPoint=,&xField=XGCSWGS84&yField=YGCSWGS84&crs=EPSG:4326&spatialIndex=no&subsetIndex=no&watchFile=no"
6891210.92720716,1496359.82473294,45918,,,11,0,2,2,2018,9,14,3,3,3,6,0,,false,true,false,false,true,,801454.0372,5826033.951,13.442029011,52.5009252950001,,,,false,,0,204834,Unfallorte2018_LinRef,"file:///C:/Users/Tabea%20Simon/Downloads/Unfallorte2018_EPSG25832_CSV/csv/Unfallorte2018_LinRef.txt?type=csv&delimiter=;&maxFields=10000&detectTypes=yes&decimalPoint=,&xField=XGCSWGS84&yField=YGCSWGS84&crs=EPSG:4326&spatialIndex=no&subsetIndex=no&watchFile=no"
6891511.7399036,1496875.50069681,46199,,,11,0,2,2,2018,9,16,5,3,5,3,0,,true,true,false,false,false,,801756.9663,5826236.156,13.446661407,52.502570253,,,,false,,0,205115,Unfallorte2018_LinRef,"file:///C:/Users/Tabea%20Simon/Downloads/Unfallorte2018_EPSG25832_CSV/csv/Unfallorte2018_LinRef.txt?type=csv&delimiter=;&maxFields=10000&detectTypes=yes&decimalPoint=,&xField=XGCSWGS84&yField=YGCSWGS84&crs=EPSG:4326&spatialIndex=no&subsetIndex=no&watchFile=no"
6891217.29753345,1496658.72680524,46722,,,11,0,2,2,2018,9,1,7,3,6,4,2,,false,true,true,false,false,,801635.924,5826049.051,13.4447140940001,52.5009601310001,,,,false,,0,205638,Unfallorte2018_LinRef,"file:///C:/Users/Tabea%20Simon/Downloads/Unfallorte2018_EPSG25832_CSV/csv/Unfallorte2018_LinRef.txt?type=csv&delimiter=;&maxFields=10000&detectTypes=yes&decimalPoint=,&xField=XGCSWGS84&yField=YGCSWGS84&crs=EPSG:4326&spatialIndex=no&subsetIndex=no&watchFile=no"
6891509.84186546,1496874.16374972,47340,,,11,0,2,2,2018,10,18,5,3,3,6,1,,false,false,false,true,true,,801756.2229,5826234.9522,13.446649397,52.502559874,,,,false,,0,206256,Unfallorte2018_LinRef,"file:///C:/Users/Tabea%20Simon/Downloads/Unfallorte2018_EPSG25832_CSV/csv/Unfallorte2018_LinRef.txt?type=csv&delimiter=;&maxFields=10000&detectTypes=yes&decimalPoint=,&xField=XGCSWGS84&yField=YGCSWGS84&crs=EPSG:4326&spatialIndex=no&subsetIndex=no&watchFile=no"
6891181.35689742,1496626.05542524,47452,,,11,0,2,2,2018,10,2,1,3,0,1,2,,false,false,false,true,false,,801617.3639,5826025.9788,13.444420602,52.5007635900001,,,,false,,0,206368,Unfallorte2018_LinRef,"file:///C:/Users/Tabea%20Simon/Downloads/Unfallorte2018_EPSG25832_CSV/csv/Unfallorte2018_LinRef.txt?type=csv&delimiter=;&maxFields=10000&detectTypes=yes&decimalPoint=,&xField=XGCSWGS84&yField=YGCSWGS84&crs=EPSG:4326&spatialIndex=no&subsetIndex=no&watchFile=no"
6891341.79987763,1496746.55075902,48294,,,11,0,2,2,2018,11,2,1,3,5,7,2,,false,true,false,false,false,,801684.769,5826128.0229,13.4455030300001,52.501640964,,,,false,,0,207210,Unfallorte2018_LinRef,"file:///C:/Users/Tabea%20Simon/Downloads/Unfallorte2018_EPSG25832_CSV/csv/Unfallorte2018_LinRef.txt?type=csv&delimiter=;&maxFields=10000&detectTypes=yes&decimalPoint=,&xField=XGCSWGS84&yField=YGCSWGS84&crs=EPSG:4326&spatialIndex=no&subsetIndex=no&watchFile=no"
6891408.38333608,1496798.69770657,48296,,,11,0,2,2,2018,11,16,5,3,3,7,2,,true,true,false,false,false,,801714.046,5826170.4512,13.445971474,52.502005067,,,,false,,0,207212,Unfallorte2018_LinRef,"file:///C:/Users/Tabea%20Simon/Downloads/Unfallorte2018_EPSG25832_CSV/csv/Unfallorte2018_LinRef.txt?type=csv&delimiter=;&maxFields=10000&detectTypes=yes&decimalPoint=,&xField=XGCSWGS84&yField=YGCSWGS84&crs=EPSG:4326&spatialIndex=no&subsetIndex=no&watchFile=no"
6891202.83483732,1496651.33441181,48311,,,11,0,2,2,2018,11,10,1,3,9,1,0,,false,true,false,false,false,,801631.9618,5826039.9829,13.444647687,52.5008810420001,,,,false,,1,207227,Unfallorte2018_LinRef,"file:///C:/Users/Tabea%20Simon/Downloads/Unfallorte2018_EPSG25832_CSV/csv/Unfallorte2018_LinRef.txt?type=csv&delimiter=;&maxFields=10000&detectTypes=yes&decimalPoint=,&xField=XGCSWGS84&yField=YGCSWGS84&crs=EPSG:4326&spatialIndex=no&subsetIndex=no&watchFile=no"
6891544.95463777,1496853.00725786,48430,,,11,0,2,2,2018,11,4,5,2,5,2,2,,false,true,false,false,false,,801742.0158,5826255.4975,13.4464593450001,52.5027518800001,,,,false,,0,207346,Unfallorte2018_LinRef,"file:///C:/Users/Tabea%20Simon/Downloads/Unfallorte2018_EPSG25832_CSV/csv/Unfallorte2018_LinRef.txt?type=csv&delimiter=;&maxFields=10000&detectTypes=yes&decimalPoint=,&xField=XGCSWGS84&yField=YGCSWGS84&crs=EPSG:4326&spatialIndex=no&subsetIndex=no&watchFile=no"
6891522.30155498,1496882.94006706,48921,,,11,0,2,2,2018,11,19,5,3,5,2,2,,true,true,false,false,false,,801761.103,5826242.8547,13.4467282360001,52.5026280070001,,,,false,,0,207837,Unfallorte2018_LinRef,"file:///C:/Users/Tabea%20Simon/Downloads/Unfallorte2018_EPSG25832_CSV/csv/Unfallorte2018_LinRef.txt?type=csv&delimiter=;&maxFields=10000&detectTypes=yes&decimalPoint=,&xField=XGCSWGS84&yField=YGCSWGS84&crs=EPSG:4326&spatialIndex=no&subsetIndex=no&watchFile=no"
6891374.37313378,1496772.06151277,49224,,,11,0,2,2,2018,12,19,6,3,5,7,2,,false,true,false,false,false,,801699.0916,5826148.7792,13.445732197,52.5018190870001,,,,false,,1,208140,Unfallorte2018_LinRef,"file:///C:/Users/Tabea%20Simon/Downloads/Unfallorte2018_EPSG25832_CSV/csv/Unfallorte2018_LinRef.txt?type=csv&delimiter=;&maxFields=10000&detectTypes=yes&decimalPoint=,&xField=XGCSWGS84&yField=YGCSWGS84&crs=EPSG:4326&spatialIndex=no&subsetIndex=no&watchFile=no"
6891539.34882911,1496894.94787789,51640,,,11,0,2,2,2019,1,7,3,3,5,3,2,,false,true,false,false,false,false,801767.780000001,5826253.667,13.4468361040001,52.5027212260001,,191174,,,,1,,Unfallorte2019_LinRef,"file:///C:/Users/Tabea%20Simon/Downloads/Unfallorte2019_EPSG25832_CSV/csv/Unfallorte2019_LinRef.txt?type=csv&delimiter=;&maxFields=10000&detectTypes=yes&decimalPoint=,&xField=XGCSWGS84&yField=YGCSWGS84&crs=EPSG:4326&spatialIndex=no&subsetIndex=no&watchFile=no"
6891539.73834984,1496879.01449654,51805,,,11,0,2,2,2019,1,4,3,3,5,2,2,,false,true,false,false,false,false,801758.057328454,5826253.30476413,13.4466929720001,52.502723356,,191339,,,,1,,Unfallorte2019_LinRef,"file:///C:/Users/Tabea%20Simon/Downloads/Unfallorte2019_EPSG25832_CSV/csv/Unfallorte2019_LinRef.txt?type=csv&delimiter=;&maxFields=10000&detectTypes=yes&decimalPoint=,&xField=XGCSWGS84&yField=YGCSWGS84&crs=EPSG:4326&spatialIndex=no&subsetIndex=no&watchFile=no"
6891552.0307561,1496879.10388608,52582,,,11,0,2,2,2019,2,11,3,3,5,2,0,,false,true,false,false,false,false,801757.650884779,5826260.7791672,13.446693775,52.5027905740001,,192166,,,,0,,Unfallorte2019_LinRef,"file:///C:/Users/Tabea%20Simon/Downloads/Unfallorte2019_EPSG25832_CSV/csv/Unfallorte2019_LinRef.txt?type=csv&delimiter=;&maxFields=10000&detectTypes=yes&decimalPoint=,&xField=XGCSWGS84&yField=YGCSWGS84&crs=EPSG:4326&spatialIndex=no&subsetIndex=no&watchFile=no"
6891193.06541409,1496646.34073077,52822,,,11,0,2,2,2019,2,9,3,3,3,6,0,,true,false,false,false,true,false,801629.285291215,5826033.85736327,13.444602828,52.5008276180001,,192406,,,,0,,Unfallorte2019_LinRef,"file:///C:/Users/Tabea%20Simon/Downloads/Unfallorte2019_EPSG25832_CSV/csv/Unfallorte2019_LinRef.txt?type=csv&delimiter=;&maxFields=10000&detectTypes=yes&decimalPoint=,&xField=XGCSWGS84&yField=YGCSWGS84&crs=EPSG:4326&spatialIndex=no&subsetIndex=no&watchFile=no"
6891528.69370706,1496887.44260651,53473,,,11,0,2,2,2019,3,2,7,3,2,4,2,,false,true,true,false,false,false,801763.606663746,5826246.90898333,13.4467686830001,52.5026629610001,,193057,,,,0,,Unfallorte2019_LinRef,"file:///C:/Users/Tabea%20Simon/Downloads/Unfallorte2019_EPSG25832_CSV/csv/Unfallorte2019_LinRef.txt?type=csv&delimiter=;&maxFields=10000&detectTypes=yes&decimalPoint=,&xField=XGCSWGS84&yField=YGCSWGS84&crs=EPSG:4326&spatialIndex=no&subsetIndex=no&watchFile=no"
6891187.78462007,1496643.64156708,53474,,,11,0,2,2,2019,3,9,7,2,8,1,0,,false,true,false,false,false,false,801627.838560558,5826030.54631276,13.444578581,52.5007987400001,,193058,,,,0,,Unfallorte2019_LinRef,"file:///C:/Users/Tabea%20Simon/Downloads/Unfallorte2019_EPSG25832_CSV/csv/Unfallorte2019_LinRef.txt?type=csv&delimiter=;&maxFields=10000&detectTypes=yes&decimalPoint=,&xField=XGCSWGS84&yField=YGCSWGS84&crs=EPSG:4326&spatialIndex=no&subsetIndex=no&watchFile=no"
6891250.48618121,1496338.65688648,53475,,,11,0,2,2,2019,3,6,4,3,2,2,0,,true,true,false,false,false,false,801439.6574588,5826057.19999453,13.4418388570001,52.501141622,,193059,,,,0,,Unfallorte2019_LinRef,"file:///C:/Users/Tabea%20Simon/Downloads/Unfallorte2019_EPSG25832_CSV/csv/Unfallorte2019_LinRef.txt?type=csv&delimiter=;&maxFields=10000&detectTypes=yes&decimalPoint=,&xField=XGCSWGS84&yField=YGCSWGS84&crs=EPSG:4326&spatialIndex=no&subsetIndex=no&watchFile=no"
6891407.69226812,1496798.15635989,53579,,,11,0,2,2,2019,3,16,4,3,3,6,0,,true,false,false,false,true,false,801713.7420664,5826170.01077919,13.4459666110001,52.502001288,,193163,,,,0,,Unfallorte2019_LinRef,"file:///C:/Users/Tabea%20Simon/Downloads/Unfallorte2019_EPSG25832_CSV/csv/Unfallorte2019_LinRef.txt?type=csv&delimiter=;&maxFields=10000&detectTypes=yes&decimalPoint=,&xField=XGCSWGS84&yField=YGCSWGS84&crs=EPSG:4326&spatialIndex=no&subsetIndex=no&watchFile=no"
6891256.30976608,1496678.60089657,53755,,,11,0,2,2,2019,3,16,2,3,2,6,0,,true,false,false,false,false,false,801646.571261633,5826073.50927691,13.4448926260001,52.501173468,,193339,,,,0,,Unfallorte2019_LinRef,"file:///C:/Users/Tabea%20Simon/Downloads/Unfallorte2019_EPSG25832_CSV/csv/Unfallorte2019_LinRef.txt?type=csv&delimiter=;&maxFields=10000&detectTypes=yes&decimalPoint=,&xField=XGCSWGS84&yField=YGCSWGS84&crs=EPSG:4326&spatialIndex=no&subsetIndex=no&watchFile=no"
6891539.34882911,1496894.94787789,53836,,,11,0,2,2,2019,4,19,6,2,0,2,1,,false,false,true,true,false,false,801767.780000001,5826253.667,13.4468361040001,52.5027212260001,,193420,,,,0,,Unfallorte2019_LinRef,"file:///C:/Users/Tabea%20Simon/Downloads/Unfallorte2019_EPSG25832_CSV/csv/Unfallorte2019_LinRef.txt?type=csv&delimiter=;&maxFields=10000&detectTypes=yes&decimalPoint=,&xField=XGCSWGS84&yField=YGCSWGS84&crs=EPSG:4326&spatialIndex=no&subsetIndex=no&watchFile=no"
6891541.94819458,1496859.34623494,53914,,,11,0,2,2,2019,4,15,3,2,3,6,0,,true,true,false,false,false,false,801745.990803669,5826253.90847141,13.446516289,52.50273544,,193498,,,,0,,Unfallorte2019_LinRef,"file:///C:/Users/Tabea%20Simon/Downloads/Unfallorte2019_EPSG25832_CSV/csv/Unfallorte2019_LinRef.txt?type=csv&delimiter=;&maxFields=10000&detectTypes=yes&decimalPoint=,&xField=XGCSWGS84&yField=YGCSWGS84&crs=EPSG:4326&spatialIndex=no&subsetIndex=no&watchFile=no"
6891388.89648566,1496783.4359157,54198,,,11,0,2,2,2019,3,23,6,3,5,7,2,,true,true,false,false,false,false,801705.477539594,5826158.03377272,13.4458343750001,52.501898506,,193782,,,,0,,Unfallorte2019_LinRef,"file:///C:/Users/Tabea%20Simon/Downloads/Unfallorte2019_EPSG25832_CSV/csv/Unfallorte2019_LinRef.txt?type=csv&delimiter=;&maxFields=10000&detectTypes=yes&decimalPoint=,&xField=XGCSWGS84&yField=YGCSWGS84&crs=EPSG:4326&spatialIndex=no&subsetIndex=no&watchFile=no"
6891241.87168678,1496348.30973349,54369,,,11,0,2,2,2019,4,9,4,3,3,6,0,,true,false,false,false,true,false,801445.861784497,5826052.32662911,13.44192557,52.501094514,,193953,,,,0,,Unfallorte2019_LinRef,"file:///C:/Users/Tabea%20Simon/Downloads/Unfallorte2019_EPSG25832_CSV/csv/Unfallorte2019_LinRef.txt?type=csv&delimiter=;&maxFields=10000&detectTypes=yes&decimalPoint=,&xField=XGCSWGS84&yField=YGCSWGS84&crs=EPSG:4326&spatialIndex=no&subsetIndex=no&watchFile=no"
6891532.29521537,1496889.97946638,54668,,,11,0,2,2,2019,4,13,4,3,5,2,0,,true,true,false,false,false,false,801765.017307418,5826249.19328367,13.446791472,52.5026826550001,,194252,,,,0,,Unfallorte2019_LinRef,"file:///C:/Users/Tabea%20Simon/Downloads/Unfallorte2019_EPSG25832_CSV/csv/Unfallorte2019_LinRef.txt?type=csv&delimiter=;&maxFields=10000&detectTypes=yes&decimalPoint=,&xField=XGCSWGS84&yField=YGCSWGS84&crs=EPSG:4326&spatialIndex=no&subsetIndex=no&watchFile=no"
6891234.05943747,1496664.5882217,55766,,,11,0,2,2,2019,6,18,4,3,3,6,0,,true,true,false,false,false,false,801638.867208118,5826059.45910789,13.4447667480001,52.501051793,,195350,,,,0,,Unfallorte2019_LinRef,"file:///C:/Users/Tabea%20Simon/Downloads/Unfallorte2019_EPSG25832_CSV/csv/Unfallorte2019_LinRef.txt?type=csv&delimiter=;&maxFields=10000&detectTypes=yes&decimalPoint=,&xField=XGCSWGS84&yField=YGCSWGS84&crs=EPSG:4326&spatialIndex=no&subsetIndex=no&watchFile=no"
6891518.55795874,1496880.30313096,56077,,,11,0,2,2,2019,5,18,4,3,5,2,0,,true,false,false,false,false,true,801759.636738664,5826240.48035686,13.4467045480001,52.502607536,,195661,,,,0,,Unfallorte2019_LinRef,"file:///C:/Users/Tabea%20Simon/Downloads/Unfallorte2019_EPSG25832_CSV/csv/Unfallorte2019_LinRef.txt?type=csv&delimiter=;&maxFields=10000&detectTypes=yes&decimalPoint=,&xField=XGCSWGS84&yField=YGCSWGS84&crs=EPSG:4326&spatialIndex=no&subsetIndex=no&watchFile=no"
6891270.87715861,1496325.92082354,56934,,,11,0,2,2,2019,7,17,5,3,5,2,0,,true,true,false,false,false,false,801431.133497552,5826069.11515148,13.4417244470001,52.5012531290001,,196518,,,,0,,Unfallorte2019_LinRef,"file:///C:/Users/Tabea%20Simon/Downloads/Unfallorte2019_EPSG25832_CSV/csv/Unfallorte2019_LinRef.txt?type=csv&delimiter=;&maxFields=10000&detectTypes=yes&decimalPoint=,&xField=XGCSWGS84&yField=YGCSWGS84&crs=EPSG:4326&spatialIndex=no&subsetIndex=no&watchFile=no"
6891557.0073042,1496872.88680385,57063,,,11,0,2,2,2019,7,19,2,2,5,2,0,,true,true,false,false,false,false,801753.676265389,5826263.56994971,13.4466379260001,52.502817787,,196647,,,,0,,Unfallorte2019_LinRef,"file:///C:/Users/Tabea%20Simon/Downloads/Unfallorte2019_EPSG25832_CSV/csv/Unfallorte2019_LinRef.txt?type=csv&delimiter=;&maxFields=10000&detectTypes=yes&decimalPoint=,&xField=XGCSWGS84&yField=YGCSWGS84&crs=EPSG:4326&spatialIndex=no&subsetIndex=no&watchFile=no"
6891253.37182313,1496439.82114541,57168,,,11,0,2,2,2019,6,23,7,3,0,7,2,,false,false,true,true,false,false,801501.190031253,5826062.75312746,13.442747631,52.501157402,,196752,,,,0,,Unfallorte2019_LinRef,"file:///C:/Users/Tabea%20Simon/Downloads/Unfallorte2019_EPSG25832_CSV/csv/Unfallorte2019_LinRef.txt?type=csv&delimiter=;&maxFields=10000&detectTypes=yes&decimalPoint=,&xField=XGCSWGS84&yField=YGCSWGS84&crs=EPSG:4326&spatialIndex=no&subsetIndex=no&watchFile=no"
6891225.7346211,1496451.66776562,57501,,,11,0,2,2,2019,7,1,1,3,9,1,2,,false,true,false,false,false,false,801509.443798197,5826046.40031421,13.442854051,52.5010062690001,,197085,,,,1,,Unfallorte2019_LinRef,"file:///C:/Users/Tabea%20Simon/Downloads/Unfallorte2019_EPSG25832_CSV/csv/Unfallorte2019_LinRef.txt?type=csv&delimiter=;&maxFields=10000&detectTypes=yes&decimalPoint=,&xField=XGCSWGS84&yField=YGCSWGS84&crs=EPSG:4326&spatialIndex=no&subsetIndex=no&watchFile=no"
6891477.02831502,1496851.05048385,57554,,,11,0,2,2,2019,7,12,6,3,6,7,0,,true,false,false,false,false,true,801743.370581768,5826214.14004955,13.4464417670001,52.5023804400001,,197138,,,,1,,Unfallorte2019_LinRef,"file:///C:/Users/Tabea%20Simon/Downloads/Unfallorte2019_EPSG25832_CSV/csv/Unfallorte2019_LinRef.txt?type=csv&delimiter=;&maxFields=10000&detectTypes=yes&decimalPoint=,&xField=XGCSWGS84&yField=YGCSWGS84&crs=EPSG:4326&spatialIndex=no&subsetIndex=no&watchFile=no"
6891232.10294759,1496646.31301222,57787,,,11,0,2,2,2019,7,17,3,3,2,6,0,,true,false,false,false,false,false,801627.805188235,5826057.58327664,13.444602579,52.5010410940001,,197371,,,,0,,Unfallorte2019_LinRef,"file:///C:/Users/Tabea%20Simon/Downloads/Unfallorte2019_EPSG25832_CSV/csv/Unfallorte2019_LinRef.txt?type=csv&delimiter=;&maxFields=10000&detectTypes=yes&decimalPoint=,&xField=XGCSWGS84&yField=YGCSWGS84&crs=EPSG:4326&spatialIndex=no&subsetIndex=no&watchFile=no"
6891208.96706558,1496358.24232637,58662,,,11,0,2,2,2019,8,12,2,3,2,2,0,,false,true,false,false,true,false,801453.146447221,5826032.70026349,13.442014796,52.5009145760001,,198246,,,,0,,Unfallorte2019_LinRef,"file:///C:/Users/Tabea%20Simon/Downloads/Unfallorte2019_EPSG25832_CSV/csv/Unfallorte2019_LinRef.txt?type=csv&delimiter=;&maxFields=10000&detectTypes=yes&decimalPoint=,&xField=XGCSWGS84&yField=YGCSWGS84&crs=EPSG:4326&spatialIndex=no&subsetIndex=no&watchFile=no"
6891554.766001,1496875.686823,58784,,,11,0,2,2,2019,8,9,6,3,5,3,0,,true,true,false,false,false,false,801755.466348409,5826262.31304134,13.4466630790001,52.502805531,,198368,,,,0,,Unfallorte2019_LinRef,"file:///C:/Users/Tabea%20Simon/Downloads/Unfallorte2019_EPSG25832_CSV/csv/Unfallorte2019_LinRef.txt?type=csv&delimiter=;&maxFields=10000&detectTypes=yes&decimalPoint=,&xField=XGCSWGS84&yField=YGCSWGS84&crs=EPSG:4326&spatialIndex=no&subsetIndex=no&watchFile=no"
6891539.34882911,1496894.94787789,59417,,,11,0,2,2,2019,9,13,5,3,5,3,0,,true,false,false,false,false,true,801767.780000001,5826253.667,13.4468361040001,52.5027212260001,,199001,,,,0,,Unfallorte2019_LinRef,"file:///C:/Users/Tabea%20Simon/Downloads/Unfallorte2019_EPSG25832_CSV/csv/Unfallorte2019_LinRef.txt?type=csv&delimiter=;&maxFields=10000&detectTypes=yes&decimalPoint=,&xField=XGCSWGS84&yField=YGCSWGS84&crs=EPSG:4326&spatialIndex=no&subsetIndex=no&watchFile=no"
6891556.2161914,1496873.87498696,59514,,,11,0,2,2,2019,9,8,4,3,5,2,0,,true,true,false,false,false,false,801754.308003374,5826263.12637433,13.446646803,52.5028134610001,,199098,,,,0,,Unfallorte2019_LinRef,"file:///C:/Users/Tabea%20Simon/Downloads/Unfallorte2019_EPSG25832_CSV/csv/Unfallorte2019_LinRef.txt?type=csv&delimiter=;&maxFields=10000&detectTypes=yes&decimalPoint=,&xField=XGCSWGS84&yField=YGCSWGS84&crs=EPSG:4326&spatialIndex=no&subsetIndex=no&watchFile=no"
6891254.56594521,1496676.88679905,59950,,,11,0,2,2,2019,9,0,1,3,0,7,2,,true,false,false,false,false,false,801645.592244914,5826072.38496234,13.4448772280001,52.5011639320001,,199534,,,,0,,Unfallorte2019_LinRef,"file:///C:/Users/Tabea%20Simon/Downloads/Unfallorte2019_EPSG25832_CSV/csv/Unfallorte2019_LinRef.txt?type=csv&delimiter=;&maxFields=10000&detectTypes=yes&decimalPoint=,&xField=XGCSWGS84&yField=YGCSWGS84&crs=EPSG:4326&spatialIndex=no&subsetIndex=no&watchFile=no"
6891208.33105744,1496514.14705434,60093,,,11,0,2,2,2019,9,8,2,3,0,5,0,,true,true,false,false,false,false,801548.165465577,5826038.16927462,13.4434153120001,52.5009110980001,,199677,,,,1,,Unfallorte2019_LinRef,"file:///C:/Users/Tabea%20Simon/Downloads/Unfallorte2019_EPSG25832_CSV/csv/Unfallorte2019_LinRef.txt?type=csv&delimiter=;&maxFields=10000&detectTypes=yes&decimalPoint=,&xField=XGCSWGS84&yField=YGCSWGS84&crs=EPSG:4326&spatialIndex=no&subsetIndex=no&watchFile=no"
6891228.16583085,1496363.6677044,60343,,,11,0,2,2,2019,10,10,6,3,2,2,0,,false,true,false,false,false,false,801455.733000001,5826044.573,13.4420635330001,52.501019564,,199927,,,,0,,Unfallorte2019_LinRef,"file:///C:/Users/Tabea%20Simon/Downloads/Unfallorte2019_EPSG25832_CSV/csv/Unfallorte2019_LinRef.txt?type=csv&delimiter=;&maxFields=10000&detectTypes=yes&decimalPoint=,&xField=XGCSWGS84&yField=YGCSWGS84&crs=EPSG:4326&spatialIndex=no&subsetIndex=no&watchFile=no"
6891209.86914392,1496358.9706898,60725,,,11,0,2,2,2019,10,17,6,3,5,2,1,,true,true,false,false,false,false,801453.556417939,5826033.27588258,13.4420213390001,52.500919509,,200309,,,,1,,Unfallorte2019_LinRef,"file:///C:/Users/Tabea%20Simon/Downloads/Unfallorte2019_EPSG25832_CSV/csv/Unfallorte2019_LinRef.txt?type=csv&delimiter=;&maxFields=10000&detectTypes=yes&decimalPoint=,&xField=XGCSWGS84&yField=YGCSWGS84&crs=EPSG:4326&spatialIndex=no&subsetIndex=no&watchFile=no"
6891556.19735538,1496873.89847538,61058,,,11,0,2,2,2019,10,20,6,3,5,2,2,,true,true,false,false,false,false,801754.323059334,5826263.11580277,13.4466470140001,52.502813358,,200642,,,,1,,Unfallorte2019_LinRef,"file:///C:/Users/Tabea%20Simon/Downloads/Unfallorte2019_EPSG25832_CSV/csv/Unfallorte2019_LinRef.txt?type=csv&delimiter=;&maxFields=10000&detectTypes=yes&decimalPoint=,&xField=XGCSWGS84&yField=YGCSWGS84&crs=EPSG:4326&spatialIndex=no&subsetIndex=no&watchFile=no"
6891267.75670866,1496370.64509876,61359,,,11,0,2,2,2019,10,14,6,3,2,7,0,,true,true,false,false,false,false,801458.501357422,5826068.89811561,13.4421262120001,52.5012360650001,,200943,,,,0,,Unfallorte2019_LinRef,"file:///C:/Users/Tabea%20Simon/Downloads/Unfallorte2019_EPSG25832_CSV/csv/Unfallorte2019_LinRef.txt?type=csv&delimiter=;&maxFields=10000&detectTypes=yes&decimalPoint=,&xField=XGCSWGS84&yField=YGCSWGS84&crs=EPSG:4326&spatialIndex=no&subsetIndex=no&watchFile=no"
6891394.87469619,1496788.11790216,61917,,,11,0,2,2,2019,11,18,7,3,2,6,2,,false,true,false,false,false,false,801708.106172253,5826161.84320441,13.4458764340001,52.501931197,,201501,,,,0,,Unfallorte2019_LinRef,"file:///C:/Users/Tabea%20Simon/Downloads/Unfallorte2019_EPSG25832_CSV/csv/Unfallorte2019_LinRef.txt?type=csv&delimiter=;&maxFields=10000&detectTypes=yes&decimalPoint=,&xField=XGCSWGS84&yField=YGCSWGS84&crs=EPSG:4326&spatialIndex=no&subsetIndex=no&watchFile=no"
6891233.02605819,1496664.22698995,65172,,"11200122110000110000",11,0,2,2,2020,1,21,4,3,0,1,2,,true,false,false,false,false,false,801638.6858,5826058.8174,13.444763503,52.5010461420001,,136190,,,,1,,Unfallorte2020_LinRef,"file:///C:/Users/Tabea%20Simon/Downloads/Unfallorte2020_EPSG25832_CSV/csv/Unfallorte2020_LinRef.csv?type=csv&delimiter=;&quote=''&maxFields=10000&detectTypes=yes&decimalPoint=,&xField=XGCSWGS84&yField=YGCSWGS84&crs=EPSG:4326&spatialIndex=no&subsetIndex=no&watchFile=no"
6891211.73328101,1496360.47584064,66166,,"11200229110000093000",11,0,2,2,2020,2,11,7,3,2,6,0,,false,true,false,false,false,false,801454.4037,5826034.4654,13.44203486,52.5009297030001,,137184,,,,0,,Unfallorte2020_LinRef,"file:///C:/Users/Tabea%20Simon/Downloads/Unfallorte2020_EPSG25832_CSV/csv/Unfallorte2020_LinRef.csv?type=csv&delimiter=;&quote=''&maxFields=10000&detectTypes=yes&decimalPoint=,&xField=XGCSWGS84&yField=YGCSWGS84&crs=EPSG:4326&spatialIndex=no&subsetIndex=no&watchFile=no"
6891213.8170408,1496377.73392393,66543,,"11200323110000048000",11,0,2,2,2020,3,17,2,3,0,6,0,,false,true,false,true,false,false,801464.8413,5826036.3801,13.442189892,52.5009410980001,,137561,,,,0,,Unfallorte2020_LinRef,"file:///C:/Users/Tabea%20Simon/Downloads/Unfallorte2020_EPSG25832_CSV/csv/Unfallorte2020_LinRef.csv?type=csv&delimiter=;&quote=''&maxFields=10000&detectTypes=yes&decimalPoint=,&xField=XGCSWGS84&yField=YGCSWGS84&crs=EPSG:4326&spatialIndex=no&subsetIndex=no&watchFile=no"
6891218.87018339,1496622.18640502,66785,,"11200417110000028000",11,0,2,2,2020,4,16,6,3,6,7,0,,false,true,true,false,false,false,801613.6005,5826048.6339,13.444385846,52.5009687310001,,137803,,,,0,,Unfallorte2020_LinRef,"file:///C:/Users/Tabea%20Simon/Downloads/Unfallorte2020_EPSG25832_CSV/csv/Unfallorte2020_LinRef.csv?type=csv&delimiter=;&quote=''&maxFields=10000&detectTypes=yes&decimalPoint=,&xField=XGCSWGS84&yField=YGCSWGS84&crs=EPSG:4326&spatialIndex=no&subsetIndex=no&watchFile=no"
6891206.90067931,1496385.88295594,67319,,"11200424110000046000",11,0,2,2,2020,4,10,6,3,5,2,0,,true,false,false,false,false,true,801470.0657,5826032.4823,13.442263096,52.500903276,,138337,,,,0,,Unfallorte2020_LinRef,"file:///C:/Users/Tabea%20Simon/Downloads/Unfallorte2020_EPSG25832_CSV/csv/Unfallorte2020_LinRef.csv?type=csv&delimiter=;&quote=''&maxFields=10000&detectTypes=yes&decimalPoint=,&xField=XGCSWGS84&yField=YGCSWGS84&crs=EPSG:4326&spatialIndex=no&subsetIndex=no&watchFile=no"
6891272.06744308,1496336.14351502,67614,,"1.120050311e+19",11,0,2,2,2020,5,0,1,3,5,3,2,,false,true,false,false,false,false,801437.3177,5826070.2225,13.441816279,52.5012596380001,,138632,,,,1,,Unfallorte2020_LinRef,"file:///C:/Users/Tabea%20Simon/Downloads/Unfallorte2020_EPSG25832_CSV/csv/Unfallorte2020_LinRef.csv?type=csv&delimiter=;&quote=''&maxFields=10000&detectTypes=yes&decimalPoint=,&xField=XGCSWGS84&yField=YGCSWGS84&crs=EPSG:4326&spatialIndex=no&subsetIndex=no&watchFile=no"
6891206.90067931,1496385.88295594,67617,,"1.120050311e+19",11,0,2,2,2020,5,13,1,3,5,2,0,,true,true,false,false,false,false,801470.0657,5826032.4823,13.442263096,52.500903276,,138635,,,,0,,Unfallorte2020_LinRef,"file:///C:/Users/Tabea%20Simon/Downloads/Unfallorte2020_EPSG25832_CSV/csv/Unfallorte2020_LinRef.csv?type=csv&delimiter=;&quote=''&maxFields=10000&detectTypes=yes&decimalPoint=,&xField=XGCSWGS84&yField=YGCSWGS84&crs=EPSG:4326&spatialIndex=no&subsetIndex=no&watchFile=no"
6891539.34846335,1496894.94787789,68793,,"11200620110000058000",11,0,2,2,2020,6,17,7,3,5,2,0,,false,true,false,false,false,false,801767.78,5826253.6668,13.4468361040001,52.502721224,,139811,,,,1,,Unfallorte2020_LinRef,"file:///C:/Users/Tabea%20Simon/Downloads/Unfallorte2020_EPSG25832_CSV/csv/Unfallorte2020_LinRef.csv?type=csv&delimiter=;&quote=''&maxFields=10000&detectTypes=yes&decimalPoint=,&xField=XGCSWGS84&yField=YGCSWGS84&crs=EPSG:4326&spatialIndex=no&subsetIndex=no&watchFile=no"
6891254.1091432,1496659.54355634,68825,,"11200624110000079000",11,0,2,2,2020,6,10,4,3,5,7,0,,true,false,false,false,false,true,801635.0419,5826071.4556,13.4447214310001,52.501161434,,139843,,,,0,,Unfallorte2020_LinRef,"file:///C:/Users/Tabea%20Simon/Downloads/Unfallorte2020_EPSG25832_CSV/csv/Unfallorte2020_LinRef.csv?type=csv&delimiter=;&quote=''&maxFields=10000&detectTypes=yes&decimalPoint=,&xField=XGCSWGS84&yField=YGCSWGS84&crs=EPSG:4326&spatialIndex=no&subsetIndex=no&watchFile=no"
6891214.66041964,1496376.7405088,69298,,"11200703110000005000",11,0,2,2,2020,7,9,6,3,5,2,0,,true,true,false,false,false,false,801464.2044,5826036.8553,13.4421809680001,52.5009457100001,,140316,,,,0,,Unfallorte2020_LinRef,"file:///C:/Users/Tabea%20Simon/Downloads/Unfallorte2020_EPSG25832_CSV/csv/Unfallorte2020_LinRef.csv?type=csv&delimiter=;&quote=''&maxFields=10000&detectTypes=yes&decimalPoint=,&xField=XGCSWGS84&yField=YGCSWGS84&crs=EPSG:4326&spatialIndex=no&subsetIndex=no&watchFile=no"
6891556.36523368,1496873.68852682,70078,,"11200806110000007000",11,0,2,2,2020,8,11,5,3,2,2,0,,true,true,false,false,false,false,801754.1888,5826263.2099,13.4466451280001,52.502814276,,141096,,,,0,,Unfallorte2020_LinRef,"file:///C:/Users/Tabea%20Simon/Downloads/Unfallorte2020_EPSG25832_CSV/csv/Unfallorte2020_LinRef.csv?type=csv&delimiter=;&quote=''&maxFields=10000&detectTypes=yes&decimalPoint=,&xField=XGCSWGS84&yField=YGCSWGS84&crs=EPSG:4326&spatialIndex=no&subsetIndex=no&watchFile=no"
6891518.24030816,1496880.07971274,70081,,"11200731110000091000",11,0,2,2,2020,7,21,6,3,5,2,1,,true,false,false,true,false,false,801759.5125,5826240.2789,13.446702541,52.502605799,,141099,,,,0,,Unfallorte2020_LinRef,"file:///C:/Users/Tabea%20Simon/Downloads/Unfallorte2020_EPSG25832_CSV/csv/Unfallorte2020_LinRef.csv?type=csv&delimiter=;&quote=''&maxFields=10000&detectTypes=yes&decimalPoint=,&xField=XGCSWGS84&yField=YGCSWGS84&crs=EPSG:4326&spatialIndex=no&subsetIndex=no&watchFile=no"
6891273.07614027,1496344.80428272,70642,,"11200812110000038000",11,0,2,2,2020,8,18,4,3,0,3,0,,true,false,true,false,false,false,801442.557,5826071.1608,13.4418940800001,52.5012651540001,,141660,,,,0,,Unfallorte2020_LinRef,"file:///C:/Users/Tabea%20Simon/Downloads/Unfallorte2020_EPSG25832_CSV/csv/Unfallorte2020_LinRef.csv?type=csv&delimiter=;&quote=''&maxFields=10000&detectTypes=yes&decimalPoint=,&xField=XGCSWGS84&yField=YGCSWGS84&crs=EPSG:4326&spatialIndex=no&subsetIndex=no&watchFile=no"
6891544.06294562,1496854.88655351,70894,,"11200826110000091000",11,0,2,2,2020,8,17,4,3,5,3,0,,true,false,false,false,false,true,801743.1943,5826255.0262,13.4464762270001,52.5027470040001,,141912,,,,1,,Unfallorte2020_LinRef,"file:///C:/Users/Tabea%20Simon/Downloads/Unfallorte2020_EPSG25832_CSV/csv/Unfallorte2020_LinRef.csv?type=csv&delimiter=;&quote=''&maxFields=10000&detectTypes=yes&decimalPoint=,&xField=XGCSWGS84&yField=YGCSWGS84&crs=EPSG:4326&spatialIndex=no&subsetIndex=no&watchFile=no"
6891551.0730457,1496880.30001401,70968,,"11200817110000052000",11,0,2,2,2020,8,10,2,3,3,2,0,,true,false,false,false,true,false,801758.4156,5826260.242,13.44670452,52.502785337,,141986,,,,0,,Unfallorte2020_LinRef,"file:///C:/Users/Tabea%20Simon/Downloads/Unfallorte2020_EPSG25832_CSV/csv/Unfallorte2020_LinRef.csv?type=csv&delimiter=;&quote=''&maxFields=10000&detectTypes=yes&decimalPoint=,&xField=XGCSWGS84&yField=YGCSWGS84&crs=EPSG:4326&spatialIndex=no&subsetIndex=no&watchFile=no"
6891243.32876968,1496346.67656524,71013,,"11200823110000077000",11,0,2,2,2020,8,3,1,3,0,1,2,,true,false,false,false,false,false,801444.8121,5826053.1509,13.441910899,52.5011024820001,,142031,,,,0,,Unfallorte2020_LinRef,"file:///C:/Users/Tabea%20Simon/Downloads/Unfallorte2020_EPSG25832_CSV/csv/Unfallorte2020_LinRef.csv?type=csv&delimiter=;&quote=''&maxFields=10000&detectTypes=yes&decimalPoint=,&xField=XGCSWGS84&yField=YGCSWGS84&crs=EPSG:4326&spatialIndex=no&subsetIndex=no&watchFile=no"
6891520.42966521,1496881.62182165,71177,,"11200826110000091000",11,0,2,2,2020,8,17,4,3,5,2,0,,true,true,false,false,false,false,801760.37,5826241.6675,13.4467163940001,52.5026177710001,,142195,,,,1,,Unfallorte2020_LinRef,"file:///C:/Users/Tabea%20Simon/Downloads/Unfallorte2020_EPSG25832_CSV/csv/Unfallorte2020_LinRef.csv?type=csv&delimiter=;&quote=''&maxFields=10000&detectTypes=yes&decimalPoint=,&xField=XGCSWGS84&yField=YGCSWGS84&crs=EPSG:4326&spatialIndex=no&subsetIndex=no&watchFile=no"
6891360.43663637,1496761.14685934,71264,,"1.120090111e+19",11,0,2,2,2020,9,5,3,3,4,6,2,,false,true,false,false,true,false,801692.9638,5826139.8986,13.4456341490001,52.501742877,,142282,,,,0,,Unfallorte2020_LinRef,"file:///C:/Users/Tabea%20Simon/Downloads/Unfallorte2020_EPSG25832_CSV/csv/Unfallorte2020_LinRef.csv?type=csv&delimiter=;&quote=''&maxFields=10000&detectTypes=yes&decimalPoint=,&xField=XGCSWGS84&yField=YGCSWGS84&crs=EPSG:4326&spatialIndex=no&subsetIndex=no&watchFile=no"
6891179.41687824,1496617.94368527,72535,,"11200929110000105000",11,0,2,2,2020,9,15,3,3,5,3,0,,true,false,false,false,false,false,801612.494,5826024.4948,13.444347733,52.5007529810001,,143553,,,,0,,Unfallorte2020_LinRef,"file:///C:/Users/Tabea%20Simon/Downloads/Unfallorte2020_EPSG25832_CSV/csv/Unfallorte2020_LinRef.csv?type=csv&delimiter=;&quote=''&maxFields=10000&detectTypes=yes&decimalPoint=,&xField=XGCSWGS84&yField=YGCSWGS84&crs=EPSG:4326&spatialIndex=no&subsetIndex=no&watchFile=no"
6891224.63065644,1496634.55021558,72788,,"11200930110000110000",11,0,2,2,2020,9,6,4,3,5,7,1,,true,true,false,false,false,false,801620.918,5826052.5997,13.444496912,52.5010002320001,,143806,,,,0,,Unfallorte2020_LinRef,"file:///C:/Users/Tabea%20Simon/Downloads/Unfallorte2020_EPSG25832_CSV/csv/Unfallorte2020_LinRef.csv?type=csv&delimiter=;&quote=''&maxFields=10000&detectTypes=yes&decimalPoint=,&xField=XGCSWGS84&yField=YGCSWGS84&crs=EPSG:4326&spatialIndex=no&subsetIndex=no&watchFile=no"
6891513.15204866,1496876.4955591,73250,,"11201030110000100000",11,0,2,2,2020,10,6,6,3,6,2,1,,false,false,true,false,false,true,801757.5195,5826237.0517,13.446670344,52.5025779750001,,144268,,,,1,,Unfallorte2020_LinRef,"file:///C:/Users/Tabea%20Simon/Downloads/Unfallorte2020_EPSG25832_CSV/csv/Unfallorte2020_LinRef.csv?type=csv&delimiter=;&quote=''&maxFields=10000&detectTypes=yes&decimalPoint=,&xField=XGCSWGS84&yField=YGCSWGS84&crs=EPSG:4326&spatialIndex=no&subsetIndex=no&watchFile=no"
6891186.99518939,1496590.73864887,73294,,"11201028110000087000",11,0,2,2,2020,10,6,4,3,0,1,1,,false,false,false,true,false,false,801595.6335,5826028.0788,13.4441033460001,52.5007944230001,,144312,,,,1,,Unfallorte2020_LinRef,"file:///C:/Users/Tabea%20Simon/Downloads/Unfallorte2020_EPSG25832_CSV/csv/Unfallorte2020_LinRef.csv?type=csv&delimiter=;&quote=''&maxFields=10000&detectTypes=yes&decimalPoint=,&xField=XGCSWGS84&yField=YGCSWGS84&crs=EPSG:4326&spatialIndex=no&subsetIndex=no&watchFile=no"
6891540.05179518,1496866.1727914,74608,,"11201203110000007000",11,0,2,2,2020,12,22,5,2,0,7,2,,true,false,false,false,false,false,801750.2213,5826253.0126,13.446577613,52.5027250700001,,145626,,,,0,,Unfallorte2020_LinRef,"file:///C:/Users/Tabea%20Simon/Downloads/Unfallorte2020_EPSG25832_CSV/csv/Unfallorte2020_LinRef.csv?type=csv&delimiter=;&quote=''&maxFields=10000&detectTypes=yes&decimalPoint=,&xField=XGCSWGS84&yField=YGCSWGS84&crs=EPSG:4326&spatialIndex=no&subsetIndex=no&watchFile=no"
6891287.2827649,1496703.85494757,74882,,"11201222110000067000",11,0,2,2,2020,12,16,3,2,7,7,2,,false,false,false,true,false,false,801660.7978,5826093.2834,13.4451194870001,52.501342842,,145990,,,,1,,Unfallorte2020_LinRef,"file:///C:/Users/Tabea%20Simon/Downloads/Unfallorte2020_EPSG25832_CSV/csv/Unfallorte2020_LinRef.csv?type=csv&delimiter=;&quote=''&maxFields=10000&detectTypes=yes&decimalPoint=,&xField=XGCSWGS84&yField=YGCSWGS84&crs=EPSG:4326&spatialIndex=no&subsetIndex=no&watchFile=no"
6891271.3584658,1496330.05712186,76840,,"11220205110000007871",11,0,2,2,2022,2,9,7,3,5,2,0,1,true,false,false,false,false,false,801433.635692353,5826069.56304671,13.441761604,52.501255761,,229950,,,,,,Unfallorte2022_LinRef,"file:///C:/Users/Tabea%20Simon/Downloads/Unfallorte2022_EPSG25832_CSV/Unfallorte2022_LinRef.csv?type=csv&delimiter=;&quote=''&maxFields=10000&detectTypes=yes&decimalPoint=,&xField=XGCSWGS84&yField=YGCSWGS84&crs=EPSG:4326&spatialIndex=no&subsetIndex=no&watchFile=no"
6891213.94193841,1496377.58687088,76927,,"11220131110000086691",11,0,2,2,2022,1,9,2,3,5,2,0,0,true,false,false,false,true,false,801464.746977205,5826036.45041659,13.442188571,52.5009417810001,,230037,,,,,,Unfallorte2022_LinRef,"file:///C:/Users/Tabea%20Simon/Downloads/Unfallorte2022_EPSG25832_CSV/Unfallorte2022_LinRef.csv?type=csv&delimiter=;&quote=''&maxFields=10000&detectTypes=yes&decimalPoint=,&xField=XGCSWGS84&yField=YGCSWGS84&crs=EPSG:4326&spatialIndex=no&subsetIndex=no&watchFile=no"
6891209.45129492,1496382.87755232,77687,,"11220206110000012351",11,0,2,2,2022,2,10,1,3,6,2,0,1,false,true,true,false,false,false,801468.138920205,5826033.91976858,13.442236098,52.500917224,,230797,,,,,,Unfallorte2022_LinRef,"file:///C:/Users/Tabea%20Simon/Downloads/Unfallorte2022_EPSG25832_CSV/Unfallorte2022_LinRef.csv?type=csv&delimiter=;&quote=''&maxFields=10000&detectTypes=yes&decimalPoint=,&xField=XGCSWGS84&yField=YGCSWGS84&crs=EPSG:4326&spatialIndex=no&subsetIndex=no&watchFile=no"
6891539.70195798,1496880.48547228,78006,,"11220415110000040761",11,0,2,2,2022,4,1,6,3,5,2,2,1,false,true,false,true,false,false,801758.954943075,5826253.33797885,13.446706186,52.502723157,,231116,,,,,,Unfallorte2022_LinRef,"file:///C:/Users/Tabea%20Simon/Downloads/Unfallorte2022_EPSG25832_CSV/Unfallorte2022_LinRef.csv?type=csv&delimiter=;&quote=''&maxFields=10000&detectTypes=yes&decimalPoint=,&xField=XGCSWGS84&yField=YGCSWGS84&crs=EPSG:4326&spatialIndex=no&subsetIndex=no&watchFile=no"
6891520.82192813,1496881.89811662,78611,,"11220318110000052361",11,0,2,2,2022,3,16,6,3,2,3,0,0,true,false,false,false,false,false,801760.52363323,5826241.91631321,13.446718876,52.5026199160001,,231721,,,,,,Unfallorte2022_LinRef,"file:///C:/Users/Tabea%20Simon/Downloads/Unfallorte2022_EPSG25832_CSV/Unfallorte2022_LinRef.csv?type=csv&delimiter=;&quote=''&maxFields=10000&detectTypes=yes&decimalPoint=,&xField=XGCSWGS84&yField=YGCSWGS84&crs=EPSG:4326&spatialIndex=no&subsetIndex=no&watchFile=no"
6891213.33976009,1496378.29619869,78693,,"11220415110000041481",11,0,2,2,2022,4,1,6,3,5,3,2,1,false,false,false,true,false,true,801465.201790814,5826036.11109097,13.4421949430001,52.500938488,,231803,,,,,,Unfallorte2022_LinRef,"file:///C:/Users/Tabea%20Simon/Downloads/Unfallorte2022_EPSG25832_CSV/Unfallorte2022_LinRef.csv?type=csv&delimiter=;&quote=''&maxFields=10000&detectTypes=yes&decimalPoint=,&xField=XGCSWGS84&yField=YGCSWGS84&crs=EPSG:4326&spatialIndex=no&subsetIndex=no&watchFile=no"
6891526.89752535,1496886.17768314,78742,,"11220410110000020161",11,0,2,2,2022,4,17,1,3,6,1,0,0,true,false,true,false,false,false,801762.903301842,5826245.76978658,13.4467573200001,52.5026531390001,,231852,,,,,,Unfallorte2022_LinRef,"file:///C:/Users/Tabea%20Simon/Downloads/Unfallorte2022_EPSG25832_CSV/Unfallorte2022_LinRef.csv?type=csv&delimiter=;&quote=''&maxFields=10000&detectTypes=yes&decimalPoint=,&xField=XGCSWGS84&yField=YGCSWGS84&crs=EPSG:4326&spatialIndex=no&subsetIndex=no&watchFile=no"
6891224.63815395,1496638.69130064,79055,,"11220330110000095281",11,0,2,2,2022,3,16,4,3,0,7,0,1,true,false,false,false,false,true,801623.440995484,5826052.75977277,13.444534112,52.501000273,,232165,,,,,,Unfallorte2022_LinRef,"file:///C:/Users/Tabea%20Simon/Downloads/Unfallorte2022_EPSG25832_CSV/Unfallorte2022_LinRef.csv?type=csv&delimiter=;&quote=''&maxFields=10000&detectTypes=yes&decimalPoint=,&xField=XGCSWGS84&yField=YGCSWGS84&crs=EPSG:4326&spatialIndex=no&subsetIndex=no&watchFile=no"
6891238.38716041,1496492.97887394,79310,,"11220422110000033311",11,0,2,2,2022,4,20,6,3,0,7,2,0,true,true,false,false,false,false,801534.141122693,5826055.64211788,13.4432251550001,52.501075459,,232420,,,,,,Unfallorte2022_LinRef,"file:///C:/Users/Tabea%20Simon/Downloads/Unfallorte2022_EPSG25832_CSV/Unfallorte2022_LinRef.csv?type=csv&delimiter=;&quote=''&maxFields=10000&detectTypes=yes&decimalPoint=,&xField=XGCSWGS84&yField=YGCSWGS84&crs=EPSG:4326&spatialIndex=no&subsetIndex=no&watchFile=no"
6891338.0424674,1496743.60847357,79937,,"11220530110000090021",11,0,2,2,2022,5,2,2,2,0,1,2,0,false,false,false,false,false,true,801683.117094858,5826125.62864862,13.4454765990001,52.501620417,,233047,,,,,,Unfallorte2022_LinRef,"file:///C:/Users/Tabea%20Simon/Downloads/Unfallorte2022_EPSG25832_CSV/Unfallorte2022_LinRef.csv?type=csv&delimiter=;&quote=''&maxFields=10000&detectTypes=yes&decimalPoint=,&xField=XGCSWGS84&yField=YGCSWGS84&crs=EPSG:4326&spatialIndex=no&subsetIndex=no&watchFile=no"
6891230.66323906,1496416.240449,79955,,"11220523110000074531",11,0,2,2,2022,5,8,2,3,0,1,0,0,false,false,false,true,false,false,801487.672792145,5826048.06529995,13.4425358020001,52.5010332210001,,233065,,,,,,Unfallorte2022_LinRef,"file:///C:/Users/Tabea%20Simon/Downloads/Unfallorte2022_EPSG25832_CSV/Unfallorte2022_LinRef.csv?type=csv&delimiter=;&quote=''&maxFields=10000&detectTypes=yes&decimalPoint=,&xField=XGCSWGS84&yField=YGCSWGS84&crs=EPSG:4326&spatialIndex=no&subsetIndex=no&watchFile=no"
6891558.84884541,1496870.5853847,80025,,"11220521110000052891",11,0,2,2,2022,5,22,7,3,5,2,2,0,true,true,false,false,false,false,801752.204995443,5826264.6027723,13.4466172520001,52.5028278570001,,233135,,,,,,Unfallorte2022_LinRef,"file:///C:/Users/Tabea%20Simon/Downloads/Unfallorte2022_EPSG25832_CSV/Unfallorte2022_LinRef.csv?type=csv&delimiter=;&quote=''&maxFields=10000&detectTypes=yes&decimalPoint=,&xField=XGCSWGS84&yField=YGCSWGS84&crs=EPSG:4326&spatialIndex=no&subsetIndex=no&watchFile=no"
6891336.06821393,1496742.06224583,80688,,"11220621110000065641",11,0,2,2,2022,6,19,3,3,0,4,0,0,false,false,true,true,false,false,801682.248952264,5826124.37053069,13.445462709,52.5016096210001,,233798,,,,,,Unfallorte2022_LinRef,"file:///C:/Users/Tabea%20Simon/Downloads/Unfallorte2022_EPSG25832_CSV/Unfallorte2022_LinRef.csv?type=csv&delimiter=;&quote=''&maxFields=10000&detectTypes=yes&decimalPoint=,&xField=XGCSWGS84&yField=YGCSWGS84&crs=EPSG:4326&spatialIndex=no&subsetIndex=no&watchFile=no"
6891539.58071282,1496885.44486693,80825,,"11220620110000057901",11,0,2,2,2022,6,20,2,3,5,2,0,0,false,true,false,false,false,false,801761.981202237,5826253.45072764,13.4467507370001,52.5027224940001,,233935,,,,,,Unfallorte2022_LinRef,"file:///C:/Users/Tabea%20Simon/Downloads/Unfallorte2022_EPSG25832_CSV/Unfallorte2022_LinRef.csv?type=csv&delimiter=;&quote=''&maxFields=10000&detectTypes=yes&decimalPoint=,&xField=XGCSWGS84&yField=YGCSWGS84&crs=EPSG:4326&spatialIndex=no&subsetIndex=no&watchFile=no"
6891488.68569228,1496859.26196608,81788,,"11220603110000006941",11,0,2,2,2022,6,8,6,3,7,7,0,1,false,false,false,true,false,false,801747.936649049,5826221.5338078,13.446515532,52.502444186,,234898,,,,,,Unfallorte2022_LinRef,"file:///C:/Users/Tabea%20Simon/Downloads/Unfallorte2022_EPSG25832_CSV/Unfallorte2022_LinRef.csv?type=csv&delimiter=;&quote=''&maxFields=10000&detectTypes=yes&decimalPoint=,&xField=XGCSWGS84&yField=YGCSWGS84&crs=EPSG:4326&spatialIndex=no&subsetIndex=no&watchFile=no"
6891345.94625236,1496749.79850517,81969,,"11220613110000034201",11,0,2,2,2022,6,17,2,3,2,6,0,0,false,true,false,false,false,false,801686.592389539,5826130.66506847,13.4455322050001,52.5016636380001,,235079,,,,,,Unfallorte2022_LinRef,"file:///C:/Users/Tabea%20Simon/Downloads/Unfallorte2022_EPSG25832_CSV/Unfallorte2022_LinRef.csv?type=csv&delimiter=;&quote=''&maxFields=10000&detectTypes=yes&decimalPoint=,&xField=XGCSWGS84&yField=YGCSWGS84&crs=EPSG:4326&spatialIndex=no&subsetIndex=no&watchFile=no"
6891213.13348707,1496378.53920914,82826,,"11220826110000064081",11,0,2,2,2022,8,14,6,3,5,2,0,1,true,true,false,false,false,false,801465.357578199,5826035.9948617,13.4421971260001,52.5009373600001,,235936,,,,,,Unfallorte2022_LinRef,"file:///C:/Users/Tabea%20Simon/Downloads/Unfallorte2022_EPSG25832_CSV/Unfallorte2022_LinRef.csv?type=csv&delimiter=;&quote=''&maxFields=10000&detectTypes=yes&decimalPoint=,&xField=XGCSWGS84&yField=YGCSWGS84&crs=EPSG:4326&spatialIndex=no&subsetIndex=no&watchFile=no"
6891209.97904643,1496359.05963407,82970,,"11220808110000015621",11,0,2,2,2022,8,11,2,3,5,3,0,0,true,false,false,false,false,true,801453.60649762,5826033.34597655,13.442022138,52.50092011,,236080,,,,,,Unfallorte2022_LinRef,"file:///C:/Users/Tabea%20Simon/Downloads/Unfallorte2022_EPSG25832_CSV/Unfallorte2022_LinRef.csv?type=csv&delimiter=;&quote=''&maxFields=10000&detectTypes=yes&decimalPoint=,&xField=XGCSWGS84&yField=YGCSWGS84&crs=EPSG:4326&spatialIndex=no&subsetIndex=no&watchFile=no"
6891289.78915198,1496357.5440192,84969,,"11221013110000025191",11,0,2,2,2022,10,15,5,3,5,3,0,0,true,true,false,false,false,false,801449.693396456,5826081.79725409,13.442008523,52.501356548,,238079,,,,,,Unfallorte2022_LinRef,"file:///C:/Users/Tabea%20Simon/Downloads/Unfallorte2022_EPSG25832_CSV/Unfallorte2022_LinRef.csv?type=csv&delimiter=;&quote=''&maxFields=10000&detectTypes=yes&decimalPoint=,&xField=XGCSWGS84&yField=YGCSWGS84&crs=EPSG:4326&spatialIndex=no&subsetIndex=no&watchFile=no"
6891224.00817916,1496376.82756064,85407,,"11221020110000053281",11,0,2,2,2022,10,14,5,3,5,2,0,0,false,true,false,true,false,false,801463.907238559,5826042.54014589,13.44218175,52.500996828,,238517,,,,,,Unfallorte2022_LinRef,"file:///C:/Users/Tabea%20Simon/Downloads/Unfallorte2022_EPSG25832_CSV/Unfallorte2022_LinRef.csv?type=csv&delimiter=;&quote=''&maxFields=10000&detectTypes=yes&decimalPoint=,&xField=XGCSWGS84&yField=YGCSWGS84&crs=EPSG:4326&spatialIndex=no&subsetIndex=no&watchFile=no"
6891348.8856921,1496752.10059223,85810,,"11221030110000085501",11,0,2,2,2022,10,3,1,3,2,6,2,0,false,true,false,false,false,false,801687.884893158,5826132.53817319,13.445552885,52.5016797120001,,238920,,,,,,Unfallorte2022_LinRef,"file:///C:/Users/Tabea%20Simon/Downloads/Unfallorte2022_EPSG25832_CSV/Unfallorte2022_LinRef.csv?type=csv&delimiter=;&quote=''&maxFields=10000&detectTypes=yes&decimalPoint=,&xField=XGCSWGS84&yField=YGCSWGS84&crs=EPSG:4326&spatialIndex=no&subsetIndex=no&watchFile=no"
6891549.23626101,1496882.59464267,85905,,"11221119110000041201",11,0,2,2,2022,11,12,7,3,5,2,0,0,false,true,false,false,false,false,801759.882546715,5826259.21197287,13.446725133,52.5027752930001,,239015,,,,,,Unfallorte2022_LinRef,"file:///C:/Users/Tabea%20Simon/Downloads/Unfallorte2022_EPSG25832_CSV/Unfallorte2022_LinRef.csv?type=csv&delimiter=;&quote=''&maxFields=10000&detectTypes=yes&decimalPoint=,&xField=XGCSWGS84&yField=YGCSWGS84&crs=EPSG:4326&spatialIndex=no&subsetIndex=no&watchFile=no"
6891407.72536769,1496798.18263128,86280,,"11221106110000005021",11,0,2,2,2022,11,6,1,3,4,6,2,0,false,true,false,false,false,false,801713.756835082,5826170.03196109,13.445966847,52.502001469,,239390,,,,,,Unfallorte2022_LinRef,"file:///C:/Users/Tabea%20Simon/Downloads/Unfallorte2022_EPSG25832_CSV/Unfallorte2022_LinRef.csv?type=csv&delimiter=;&quote=''&maxFields=10000&detectTypes=yes&decimalPoint=,&xField=XGCSWGS84&yField=YGCSWGS84&crs=EPSG:4326&spatialIndex=no&subsetIndex=no&watchFile=no"
